"Abyss Esports","OPL","Looch"
"Abyss Esports","OPL","Raid"
"Abyss Esports","OPL","Seb"
"Abyss Esports","OPL","Squidgy"
"Abyss Esports","OPL","Tgun"
"Acclaim EmpireX","GPL","EndlessACE"
"Acclaim EmpireX","GPL","Jenvi"
"Acclaim EmpireX","GPL","KarlCulated"
"Acclaim EmpireX","GPL","Tamsu"
"Afreeca Freecs","LCK","Ikssu"
"Afreeca Freecs","LCK","Lindarang"
"Afreeca Freecs","LCK","LirA"
"Afreeca Freecs","LCK","Mickey"
"Afreeca Freecs","LCK","Sangyoon"
"Afreeca Freecs","LCK","SeongHwan"
"Afreeca Freecs","LCK","SnowFlower"
"Albus NoX Luna","LCL","AMiracle"
"Albus NoX Luna","LCL","Ansva"
"Albus NoX Luna","LCL","Kira"
"Albus NoX Luna","LCL","Likkrit"
"Albus NoX Luna","LCL","PvPStejos"
"Albus NoX Luna","LCL","Smurf (Dmitri Ivanov)"
"Apex Gaming","NA","Apollo (Apollo Price)"
"Apex Gaming","NA","Keane"
"Apex Gaming","NA","Saintvicious"
"Apex Gaming","NA","Shrimp"
"Apex Gaming","NA","Xpecial"
"Avant Garde","OPL","Blindturkey"
"Avant Garde","OPL","Chelby"
"Avant Garde","OPL","Chenyboy"
"Avant Garde","OPL","DDD"
"Avant Garde","OPL","Destiny (Mitchell Shaw)"
"Avant Garde","OPL","Jayke"
"Avant Garde","OPL","Paradise"
"Avant Garde","OPL","Raintear"
"Avant Garde","OPL","Stark (Jason Au)"
"Avant Garde","OPL","Survivalone"
"Avant Garde","OPL","Triple"
"Avant Garde","OPL","Wrekt"
"Bangkok Titans","GPL","007x"
"Bangkok Titans","GPL","G4"
"Bangkok Titans","GPL","InTreso"
"Bangkok Titans","GPL","Lloyd"
"Bangkok Titans","GPL","Moss"
"Bangkok Titans","GPL","Sek"
"Bangkok Titans","GPL","Whatthejes"
"Beşiktaş.OH","TCL","Hibiki"
"Beşiktaş.OH","TCL","Immortoru"
"Beşiktaş.OH","TCL","Kadir"
"Beşiktaş.OH","TCL","Rawbin"
"Beşiktaş.OH","TCL","Rawbin IV"
"Beşiktaş.OH","TCL","Rogu"
"Beşiktaş.OH","TCL","Ruvelius"
"Beşiktaş.OH","TCL","Scarface"
"Beşiktaş.OH","TCL","Sedrion"
"Beşiktaş.OH","TCL","Tracer"
"Beşiktaş.OH","TCL","Xyraz"
"Big Gods","CBLOL","Dionrray"
"Big Gods","CBLOL","Luskka"
"Big Gods","CBLOL","Rakin"
"Big Gods","CBLOL","RedBert"
"Big Gods","CBLOL","Tierwulf"
"BrawL eSports","LAN","Acerola"
"BrawL eSports","LAN","Keoo"
"BrawL eSports","LAN","Manu"
"BrawL eSports","LAN","Prashant"
"BrawL eSports","LAN","Rapid"
"CJ Entus","LCK","Bdd"
"CJ Entus","LCK","Bubbling"
"CJ Entus","LCK","Ghost (Jang Yong-jun)"
"CJ Entus","LCK","Haru"
"CJ Entus","LCK","Kramer"
"CJ Entus","LCK","MadLife"
"CJ Entus","LCK","Shy"
"CJ Entus","LCK","Sky (Kim Ha-neul)"
"CJ Entus","LCK","Untara"
"CNB e-Sports Club","CBLOL","Aoshi"
"CNB e-Sports Club","CBLOL","Djokovic"
"CNB e-Sports Club","CBLOL","Minerva"
"CNB e-Sports Club","CBLOL","Nappon"
"CNB e-Sports Club","CBLOL","Pbo"
"CNB e-Sports Club","CBLOL","TinOwns"
"CNB e-Sports Club","CBLOL","Vash"
"CNB e-Sports Club","CBLOL","Wos"
"CNB e-Sports Club","CBLOL","YoDa (Felipe Noronha)"
"Chiefs Esports Club","OPL","Cheese"
"Chiefs Esports Club","OPL","EGym"
"Chiefs Esports Club","OPL","Raydere"
"Chiefs Esports Club","OPL","Spookz"
"Chiefs Esports Club","OPL","Swiffer"
"Chiefs Esports Club","OPL","Swip3rR"
"Cloud9","NA","Bunny FuFuu"
"Cloud9","NA","Hai"
"Cloud9","NA","Impact"
"Cloud9","NA","Jensen"
"Cloud9","NA","LemonNation"
"Cloud9","NA","Meteos"
"Cloud9","NA","Reapered"
"Cloud9","NA","Rush"
"Cloud9","NA","Smoothie"
"Cloud9","NA","Sneaky"
"Cougar E-Sport","LMS","CandyBB"
"Cougar E-Sport","LMS","KuKu"
"Cougar E-Sport","LMS","Melon (Tsai Tsung-Yu)"
"Cougar E-Sport","LMS","Never"
"Cougar E-Sport","LMS","Rabi2"
"Cougar E-Sport","LMS","SpeaR"
"Cougar E-Sport","LMS","Syuan"
"Cougar E-Sport","LMS","XUE"
"Counter Logic Gaming","NA","Aphromoo"
"Counter Logic Gaming","NA","Darshan"
"Counter Logic Gaming","NA","Huhi"
"Counter Logic Gaming","NA","Stixxay"
"Counter Logic Gaming","NA","Xmithie"
"Counter Logic Gaming","NA","Zikzlol"
"Crew e-Sports Club","TCL","Clongwen"
"Crew e-Sports Club","TCL","Corpse"
"Crew e-Sports Club","TCL","Föur"
"Crew e-Sports Club","TCL","Padden"
"Crew e-Sports Club","TCL","Rare"
"Crew e-Sports Club","TCL","React"
"Crew e-Sports Club","TCL","Revanche"
"Crew e-Sports Club","TCL","Wickd"
"Dark Passage","TCL","Abaria"
"Dark Passage","TCL","Arphan"
"Dark Passage","TCL","Caps"
"Dark Passage","TCL","Crystal"
"Dark Passage","TCL","Denden"
"Dark Passage","TCL","Elwind"
"Dark Passage","TCL","Lukezy"
"Dark Passage","TCL","Un1tback"
"Dark Passage","TCL","Xerxe"
"Dark Passage","TCL","Zeitnot"
"Dash9 Gaming","LAN","Ghinis"
"Dash9 Gaming","LAN","Lulos"
"Dash9 Gaming","LAN","Nicomando"
"Dash9 Gaming","LAN","Wikko"
"Dire Wolves","OPL","Chippys"
"Dire Wolves","OPL","Cuden"
"Dire Wolves","OPL","Phantiks"
"Dire Wolves","OPL","Raes"
"Dire Wolves","OPL","Regret9"
"Dire Wolves","OPL","Rippii"
"Dire Wolves","OPL","Sybol"
"Dire Wolves","OPL","Sybol (Lachlan Civil)"
"EDward Gaming","LPL","Athena"
"EDward Gaming","LPL","Clearlove"
"EDward Gaming","LPL","Deft"
"EDward Gaming","LPL","Fireloli"
"EDward Gaming","LPL","Koro1"
"EDward Gaming","LPL","Meiko"
"EDward Gaming","LPL","Mouse"
"EDward Gaming","LPL","PawN"
"EDward Gaming","LPL","RapidStar"
"EDward Gaming","LPL","Scout"
"ESC Ever","LCK","Bless"
"ESC Ever","LCK","Firetrap"
"ESC Ever","LCK","Key"
"ESC Ever","LCK","LokeN"
"ESC Ever","LCK","Tempt"
"ESC Ever","LCK","Totoro"
"Echo Fox","NA","BIG"
"Echo Fox","NA","Cop"
"Echo Fox","NA","Froggen"
"Echo Fox","NA","Ginko"
"Echo Fox","NA","Goldenglue"
"Echo Fox","NA","Grigne"
"Echo Fox","NA","Hard"
"Echo Fox","NA","HeavenTime"
"Echo Fox","NA","KEITH"
"Echo Fox","NA","Kez"
"Echo Fox","NA","Kfo"
"Echo Fox","NA","LOD"
"Echo Fox","NA","Solo (Colin Earnest)"
"Echo Fox","NA","Stunt"
"Elements","EU","Eika"
"Elements","EU","Gilius"
"Elements","EU","MrRalleZ"
"Elements","EU","Nyph"
"Elements","EU","Sprattel"
"Energy Pacemaker.All","LPL","Crisis"
"Energy Pacemaker.All","LPL","JieZou"
"Energy Pacemaker.All","LPL","Moon (Gu-Yue Ze-Yu)"
"Energy Pacemaker.All","LPL","Rabbit97"
"Energy Pacemaker.All","LPL","Republic"
"Energy Pacemaker.All","LPL","Romantic"
"Energy Pacemaker.All","LPL","Soul (Zhou Feng)"
"FC Schalke 04","EU","Fox"
"FC Schalke 04","EU","Gilius"
"FC Schalke 04","EU","MrRalleZ"
"FC Schalke 04","EU","Nyph"
"FC Schalke 04","EU","Sprattel"
"Flash Wolves","LMS","Breeze"
"Flash Wolves","LMS","Fluidwind"
"Flash Wolves","LMS","Karsa"
"Flash Wolves","LMS","MMD"
"Flash Wolves","LMS","Maple (Huang Yi-Tang)"
"Flash Wolves","LMS","NL"
"Flash Wolves","LMS","Rins"
"Flash Wolves","LMS","SwordArT"
"Flash Wolves","LMS","SwordArt"
"Fnatic","EU","Deilor"
"Fnatic","EU","Febiven"
"Fnatic","EU","Gamsu"
"Fnatic","EU","Kikis"
"Fnatic","EU","Klaj"
"Fnatic","EU","NoXiAK"
"Fnatic","EU","Rekkles"
"Fnatic","EU","Spirit"
"Fnatic","EU","Werlyb"
"Fnatic","EU","YellOwStaR"
"Furious Gaming","LAS","Dinamox"
"Furious Gaming","LAS","Genthix"
"Furious Gaming","LAS","Gonto"
"Furious Gaming","LAS","Helior"
"Furious Gaming","LAS","Leko"
"Furious Gaming","LAS","Prodigy"
"Furious Gaming","LAS","Uri"
"G2 Esports","EU","Emperor"
"G2 Esports","EU","Expect"
"G2 Esports","EU","Hybrid"
"G2 Esports","EU","Kikis"
"G2 Esports","EU","Mithy"
"G2 Esports","EU","PerkZ"
"G2 Esports","EU","Trick"
"G2 Esports","EU","YoungBuck"
"G2 Esports","EU","Zven"
"Galactic Gamers","LAN","1an"
"Galactic Gamers","LAN","Dickma"
"Galactic Gamers","LAN","Easy (Brandon Doyle)"
"Galactic Gamers","LAN","Fr3deric"
"Galactic Gamers","LAN","Hydra"
"Galactic Gamers","LAN","Jin (Adrià Salabert)"
"Galactic Gamers","LAN","Leza"
"Galactic Gamers","LAN","NerzhuL"
"Galactic Gamers","LAN","Oddie"
"Gambit Esports","LCL","Archie (Vyacheslav Egorov)"
"Gambit Esports","LCL","Babunia"
"Gambit Esports","LCL","BloodFenix"
"Gambit Esports","LCL","Fomko"
"Gambit Esports","LCL","LeX"
"Game Talents","LPL","City"
"Game Talents","LPL","PentaQ"
"Game Talents","LPL","Republic"
"Game Talents","LPL","Savoki"
"Game Talents","LPL","WuShuang"
"Giants Gaming","EU","Adryh"
"Giants Gaming","EU","BetongJocke"
"Giants Gaming","EU","G0DFRED"
"Giants Gaming","EU","Hustlin"
"Giants Gaming","EU","K0u"
"Giants Gaming","EU","Lozark"
"Giants Gaming","EU","Maxlore"
"Giants Gaming","EU","NighT"
"Giants Gaming","EU","S0NSTAR"
"Giants Gaming","EU","Smittyj"
"Giants Gaming","EU","Wisdom"
"Giants Gaming","EU","XPePii"
"H2k-Gaming","EU","FORG1VEN"
"H2k-Gaming","EU","Freeze"
"H2k-Gaming","EU","Jankos"
"H2k-Gaming","EU","Odoamne"
"H2k-Gaming","EU","Pr0lly"
"H2k-Gaming","EU","Ryu"
"H2k-Gaming","EU","Selfie"
"H2k-Gaming","EU","VandeR"
"HWA Gaming","TCL","Godbro"
"HWA Gaming","TCL","Hatrixx"
"HWA Gaming","TCL","HolyPhoenix"
"HWA Gaming","TCL","Marshall"
"HWA Gaming","TCL","Revanche"
"HWA Gaming","TCL","Trix"
"HWA Gaming","TCL","Trixucator"
"HWA Gaming","TCL","Visdom"
"Hafnet eSports","LAS","1984"
"Hafnet eSports","LAS","Acce"
"Hafnet eSports","LAS","Khynm"
"Hafnet eSports","LAS","Le Smart"
"Hafnet eSports","LAS","Otto (Otávio Rodrigues)"
"Hafnet eSports","LAS","Tomex"
"Hafnet eSports","LAS","Wara"
"Hard Random","LCL","AMiracle"
"Hard Random","LCL","Kira"
"Hard Random","LCL","Likkrit"
"Hard Random","LCL","PvPStejos"
"Hard Random","LCL","Smurf (Dmitri Ivanov)"
"Havoks Gaming","LAN","DCStar"
"Havoks Gaming","LAN","LiquidDiego"
"Havoks Gaming","LAN","Soren (Carlos Ibarra)"
"Havoks Gaming","LAN","Xpng"
"Hellions e-Sports Club","OPL","Bomb"
"Hellions e-Sports Club","OPL","Cookie"
"Hellions e-Sports Club","OPL","Denian"
"Hellions e-Sports Club","OPL","Frae"
"Hellions e-Sports Club","OPL","Impaired"
"Hellions e-Sports Club","OPL","Luna (Josh Allen)"
"Hellions e-Sports Club","OPL","Ryoo"
"Hellions e-Sports Club","OPL","SoulStrikes"
"Hong Kong Esports","LMS","Chillyz"
"Hong Kong Esports","LMS","DinTer"
"Hong Kong Esports","LMS","Gear"
"Hong Kong Esports","LMS","GodKwai"
"Hong Kong Esports","LMS","MapleSnow"
"Hong Kong Esports","LMS","MarS"
"Hong Kong Esports","LMS","Olleh"
"Hong Kong Esports","LMS","Raison"
"Hong Kong Esports","LMS","Rokenia"
"Hong Kong Esports","LMS","Wind (Lai Chap Yin)"
"Hong Kong Esports","LMS","XiaoLiang"
"Hyper Youth Gaming","LPL","Chimin"
"Hyper Youth Gaming","LPL","Gosu"
"Hyper Youth Gaming","LPL","March"
"Hyper Youth Gaming","LPL","X1u"
"Hyper Youth Gaming","LPL","XQ"
"I May","LPL","AmazingJ"
"I May","LPL","Athena"
"I May","LPL","Avoidless"
"I May","LPL","BaeMe"
"I May","LPL","Baeme"
"I May","LPL","Jinjiao"
"I May","LPL","Kezman"
"I May","LPL","Mitty"
"I May","LPL","Road"
"INTZ e-Sports","CBLOL","Abaxial"
"INTZ e-Sports","CBLOL","Jockster"
"INTZ e-Sports","CBLOL","MicaO"
"INTZ e-Sports","CBLOL","Revolta"
"INTZ e-Sports","CBLOL","Tockers"
"INTZ e-Sports","CBLOL","Yang"
"Immortals","NA","Adrian"
"Immortals","NA","Dylan"
"Immortals","NA","Huni"
"Immortals","NA","Pobelter"
"Immortals","NA","Reignover"
"Immortals","NA","WildTurtle"
"Imperium Pro Team","GPL","H4T3"
"Imperium Pro Team","GPL","Light"
"Imperium Pro Team","GPL","Poysanity"
"Imperium Pro Team","GPL","SuEz"
"Infernum Gaming","OPL","Mallek"
"Infernum Gaming","OPL","Midbeast"
"Infernum Gaming","OPL","Seb"
"Infernum Gaming","OPL","Stealthix"
"Infernum Gaming","OPL","Wiffle"
"Infernum Gaming","OPL","Yuzuki"
"Invictus Gaming","LPL","Baolan"
"Invictus Gaming","LPL","Ben"
"Invictus Gaming","LPL","Kid"
"Invictus Gaming","LPL","Kitties"
"Invictus Gaming","LPL","Marge"
"Invictus Gaming","LPL","Rain (An Hyeong-uk)"
"Invictus Gaming","LPL","RooKie"
"Invictus Gaming","LPL","Rookie"
"Invictus Gaming","LPL","Save"
"Invictus Gaming","LPL","Tabe"
"Invictus Gaming","LPL","Time"
"Invictus Gaming","LPL","Zz1tai"
"Isurus Gaming","LAS","Clatos"
"Isurus Gaming","LAS","Emp"
"Isurus Gaming","LAS","Newbie"
"Isurus Gaming","LAS","Pride (Franco Sanzana)"
"Isurus Gaming","LAS","QQMore"
"Isurus Gaming","LAS","Ukkyr"
"Isurus Gaming","LAS","Zeicro"
"J Team","LMS","BeBe (Chang Bo-Wei)"
"J Team","LMS","FoFo"
"J Team","LMS","Jay"
"J Team","LMS","REFRA1N"
"Jin Air Green Wings","LCK","Blanc"
"Jin Air Green Wings","LCK","Chei"
"Jin Air Green Wings","LCK","Kuzan"
"Jin Air Green Wings","LCK","Pilot"
"Jin Air Green Wings","LCK","SoHwan"
"Jin Air Green Wings","LCK","Sweet (Lee Eun-teak)"
"Jin Air Green Wings","LCK","TrAce"
"Jin Air Green Wings","LCK","Winged"
"Just Toys Havoks","LAN","DCStar"
"Just Toys Havoks","LAN","EvanRL"
"Just Toys Havoks","LAN","LiquidDiego"
"Just Toys Havoks","LAN","Minibestia"
"KT Rolster","LCK","Arrow"
"KT Rolster","LCK","Fly (Song Yong-jun)"
"KT Rolster","LCK","Hachani"
"KT Rolster","LCK","IgNar"
"KT Rolster","LCK","Score"
"KT Rolster","LCK","Ssumday"
"KaBuM! e-Sports","CBLOL","Danagorn"
"KaBuM! e-Sports","CBLOL","Galfi"
"KaBuM! e-Sports","CBLOL","LEP"
"KaBuM! e-Sports","CBLOL","Matsukaze"
"KaBuM! e-Sports","CBLOL","Minerva"
"KaBuM! e-Sports","CBLOL","TinOwns"
"KaBuM! e-Sports","CBLOL","Vash"
"KaBuM! e-Sports","CBLOL","Verfix"
"KaBuM! e-Sports","CBLOL","Verto"
"KaBuM! e-Sports","CBLOL","Ziriguidun"
"KaBuM! e-Sports","CBLOL","Zuao"
"Kanaya Gaming","GPL","Andree"
"Kanaya Gaming","GPL","Banana (Brian Hammock)"
"Kanaya Gaming","GPL","Oceans11"
"Kanaya Gaming","GPL","Phoenix (Yehezkiel Patric)"
"Kanaya Gaming","GPL","Pokka"
"Kanaya Gaming","GPL","RubeN"
"Kanaya Gaming","GPL","TheChupper"
"Kaos Latin Gamers","LAS","Bear"
"Kaos Latin Gamers","LAS","BearJew"
"Kaos Latin Gamers","LAS","Element"
"Kaos Latin Gamers","LAS","Juliostito"
"Kaos Latin Gamers","LAS","Misfits (Jonathan Muñoz)"
"Kaos Latin Gamers","LAS","Piroxz"
"Kaos Latin Gamers","LAS","Plugo"
"Kaos Latin Gamers","LAS","Primoo"
"Kaos Latin Gamers","LAS","Regi"
"Kaos Latin Gamers","LAS","SZ"
"Kaos Latin Gamers","LAS","Spotted"
"Kaos Latin Gamers","LAS","TheFoxz"
"Keyd Stars","CBLOL","Alocs"
"Keyd Stars","CBLOL","Baiano"
"Keyd Stars","CBLOL","EsA"
"Keyd Stars","CBLOL","Jukaah"
"Keyd Stars","CBLOL","Nappon"
"Keyd Stars","CBLOL","Robo"
"Keyd Stars","CBLOL","Takeshi"
"Keyd Stars","CBLOL","Turtle"
"Keyd Stars","CBLOL","Verfix"
"Kongdoo Monster","LCK","Crush"
"Kongdoo Monster","LCK","Edge"
"Kongdoo Monster","LCK","GuGer"
"Kongdoo Monster","LCK","Roach"
"Kongdoo Monster","LCK","SSol"
"Kuala Lumpur Hunters","GPL","13Ghost"
"Kuala Lumpur Hunters","GPL","CO4"
"Kuala Lumpur Hunters","GPL","CoolKitty"
"Kuala Lumpur Hunters","GPL","OzoraVeki"
"Kuala Lumpur Hunters","GPL","Qaspiel"
"Kuala Lumpur Hunters","GPL","SOUPerior"
"LGD Gaming","LPL","1ntruder"
"LGD Gaming","LPL","Acorn"
"LGD Gaming","LPL","Eimy"
"LGD Gaming","LPL","Imp"
"LGD Gaming","LPL","Jinoo"
"LGD Gaming","LPL","MaRin"
"LGD Gaming","LPL","Punished"
"LGD Gaming","LPL","Pyl"
"LGD Gaming","LPL","We1less"
"LGD Gaming","LPL","Xiaoxi"
"LGD Gaming","LPL","Yu"
"Last Kings","LAS","Badmilk"
"Last Kings","LAS","Focho"
"Last Kings","LAS","LilSainity"
"Last Kings","LAS","Nipphu"
"Last Kings","LAS","Primoo"
"Last Kings","LAS","Rakyz"
"Last Kings","LAS","Wardz"
"Last Kings","LAS","WhiteLotus"
"Last Kings","LAS","Zealot"
"Legacy Esports","OPL","Carbon"
"Legacy Esports","OPL","ChuChuZ"
"Legacy Esports","OPL","Cuden"
"Legacy Esports","OPL","K1ng"
"Legacy Esports","OPL","Kulo"
"Legacy Esports","OPL","Minkywhale"
"Legacy Esports","OPL","Regret9"
"Legacy Esports","OPL","Straawbella"
"Legacy Esports","OPL","Tally"
"Longzhu Gaming","LCK","Chaser"
"Longzhu Gaming","LCK","Coco"
"Longzhu Gaming","LCK","Cpt Jack"
"Longzhu Gaming","LCK","Crash"
"Longzhu Gaming","LCK","Emperor"
"Longzhu Gaming","LCK","Expession"
"Longzhu Gaming","LCK","Flame"
"Longzhu Gaming","LCK","Frozen"
"Longzhu Gaming","LCK","Fury (Lee Jin-yong)"
"Longzhu Gaming","LCK","Pure"
"Longzhu Gaming","LCK","Zzus"
"Lyon Gaming","LAN","Arce"
"Lyon Gaming","LAN","Jirall"
"Lyon Gaming","LAN","Oddie"
"Lyon Gaming","LAN","Seiya"
"Lyon Gaming","LAN","Thyak"
"Lyon Gaming","LAN","Uri"
"Lyon Gaming","LAN","WhiteLotus"
"MVP","LCK","Beyond (Kim Kyu-seok)"
"MVP","LCK","Ian"
"MVP","LCK","MaHa"
"MVP","LCK","Max (Jeong Jong-bin)"
"Machi E-Sports","LMS","Apex (Hsieh Chia-Wei)"
"Machi E-Sports","LMS","BoBo (Wang You-Lin)"
"Machi E-Sports","LMS","Breaker"
"Machi E-Sports","LMS","Dee"
"Machi E-Sports","LMS","Dreamer"
"Machi E-Sports","LMS","PaSa"
"Machi E-Sports","LMS","Taizan"
"Machi E-Sports","LMS","Vayn3z"
"Masters 3","LPL","City"
"Masters 3","LPL","Lazarus"
"Masters 3","LPL","PentaQ"
"Masters 3","LPL","Raphael"
"Masters 3","LPL","Savoki"
"Masters 3","LPL","Scenery"
"Masters 3","LPL","Yolo"
"Midnight Sun Esports","LMS","CorGi"
"Midnight Sun Esports","LMS","Kaiwing"
"Midnight Sun Esports","LMS","M1ssion"
"Midnight Sun Esports","LMS","Ninuo"
"Midnight Sun Esports","LMS","Payne"
"Midnight Sun Esports","LMS","SkuLL"
"Midnight Sun Esports","LMS","Wulala"
"NRG Esports","NA","Altec"
"NRG Esports","NA","GBM"
"NRG Esports","NA","Hermit"
"NRG Esports","NA","Impact"
"NRG Esports","NA","KiWiKiD"
"NRG Esports","NA","KonKwon"
"NRG Esports","NA","LOD"
"NRG Esports","NA","Moon (Galen Holgate)"
"NRG Esports","NA","Ohq"
"NRG Esports","NA","Quas"
"NRG Esports","NA","Santorin"
"NRG Esports","NA","Shrimp"
"Natus Vincere.CIS","LCL","Aoi Haru"
"Natus Vincere.CIS","LCL","Doxy"
"Natus Vincere.CIS","LCL","Lasagna"
"Natus Vincere.CIS","LCL","Saulius"
"Natus Vincere.CIS","LCL","Skash"
"Natus Vincere.CIS","LCL","VincentVega"
"Natus Vincere.CIS","LCL","Zvene"
"Newbee","LPL","Dade"
"Newbee","LPL","HappyY"
"Newbee","LPL","MorZB"
"Newbee","LPL","Swift"
"NumberOne Esports","TCL","Elysion"
"NumberOne Esports","TCL","KillerEs"
"NumberOne Esports","TCL","KonDziSan"
"NumberOne Esports","TCL","Muscle"
"NumberOne Esports","TCL","Rydle"
"NumberOne Esports","TCL","Swanepoel"
"NumberOne Esports","TCL","Âprox"
"Oh My God","LPL","5"
"Oh My God","LPL","Bei"
"Oh My God","LPL","Cool"
"Oh My God","LPL","FishBall"
"Oh My God","LPL","Icon"
"Oh My God","LPL","Juejue"
"Oh My God","LPL","Luo (Luo Ci-rui)"
"Oh My God","LPL","Memory"
"Oh My God","LPL","Quan"
"Oh My God","LPL","S1mLz"
"Oh My God","LPL","Smlz"
"Oh My God","LPL","World6"
"Oh My God","LPL","Xiyang"
"Operation Kino","CBLOL","EzPrince"
"Operation Kino","CBLOL","Goku"
"Operation Kino","CBLOL","Professor"
"Operation Kino","CBLOL","SkyBart"
"Operation Kino","CBLOL","Skyer"
"Operation Kino","CBLOL","Theusma"
"Operation Kino","CBLOL","Turtle"
"Operation Kino","CBLOL","Von"
"Operation Kino","CBLOL","Zuao"
"Origen","EU","Amazing (Maurice Stückenschneider)"
"Origen","EU","Araneae"
"Origen","EU","Bali"
"Origen","EU","FORG1VEN"
"Origen","EU","Hazel"
"Origen","EU","Hybrid"
"Origen","EU","Mithy"
"Origen","EU","NicoThePico"
"Origen","EU","PowerOfEvil"
"Origen","EU","SOAZ"
"Origen","EU","Toaster"
"Origen","EU","XPeke"
"Origen","EU","Zven"
"Phoenix1","NA","BonQuish"
"Phoenix1","NA","Brandini"
"Phoenix1","NA","Charlie (Charlie Lipsie)"
"Phoenix1","NA","Gate"
"Phoenix1","NA","Inori"
"Phoenix1","NA","Mash"
"Phoenix1","NA","Pirean"
"Phoenix1","NA","Slooshi"
"Phoenix1","NA","Zentinel"
"Qiao Gu Reapers","LPL","BoriSal"
"Qiao Gu Reapers","LPL","Doinb"
"Qiao Gu Reapers","LPL","Mor"
"Qiao Gu Reapers","LPL","Mortred"
"Qiao Gu Reapers","LPL","Peco"
"Qiao Gu Reapers","LPL","Swift"
"Qiao Gu Reapers","LPL","Uzi (Jian Zi-Hao)"
"RED Canids","CBLOL","Ayel"
"RED Canids","CBLOL","Brucer"
"RED Canids","CBLOL","Caos (Jonas Vriesman)"
"RED Canids","CBLOL","Dioud"
"RED Canids","CBLOL","Eryon"
"RED Canids","CBLOL","Neki"
"RED Canids","CBLOL","SacyR"
"RED Canids","CBLOL","YoDa (Felipe Noronha)"
"ROX Tigers","LCK","Cry"
"ROX Tigers","LCK","GorillA"
"ROX Tigers","LCK","Kuro"
"ROX Tigers","LCK","NoFe"
"ROX Tigers","LCK","Peanut"
"ROX Tigers","LCK","PraY"
"ROX Tigers","LCK","Smeb"
"Rebirth eSports","LAS","Focho"
"Rebirth eSports","LAS","FraGio"
"Rebirth eSports","LAS","MANTARRAYA"
"Rebirth eSports","LAS","Megajp"
"Rebirth eSports","LAS","Quakerr"
"Rebirth eSports","LAS","Slow"
"Rebirth eSports","LAS","Yaltz"
"Rebirth eSports","LAS","Zealot"
"Rebirth eSports","LAS","Zeypher"
"Renegades","NA","Alex Ich"
"Renegades","NA","Crumbz"
"Renegades","NA","Flaresz"
"Renegades","NA","Freeze"
"Renegades","NA","Hakuho"
"Renegades","NA","Hermes (David Tu)"
"Renegades","NA","LOD"
"Renegades","NA","Ninja"
"Renegades","NA","Ohq"
"Renegades","NA","Remi"
"Renegades","NA","Seraph"
"Revenge eSports","LAN","Cygnüs"
"Revenge eSports","LAN","FraGio"
"Revenge eSports","LAN","Guishe"
"Revenge eSports","LAN","Iruga"
"Revenge eSports","LAN","Kenny (Bruno Córdova)"
"Revenge eSports","LAN","NeeDlesS"
"Revenge eSports","LAN","Quaker"
"Revenge eSports","LAN","RhOm"
"RoX","LCL","Arphan"
"RoX","LCL","Bebe (Friedrich Knaub)"
"RoX","LCL","DimaJke"
"RoX","LCL","Ekka"
"RoX","LCL","FIRees"
"RoX","LCL","NikSar"
"RoX","LCL","Raxxo"
"RoX","LCL","SaZeD"
"RoX","LCL","Starscream"
"Royal Never Give Up","LPL","Fly (Kim Sang-chul)"
"Royal Never Give Up","LPL","InSec"
"Royal Never Give Up","LPL","LeY"
"Royal Never Give Up","LPL","LetMe"
"Royal Never Give Up","LPL","Looper"
"Royal Never Give Up","LPL","Mata"
"Royal Never Give Up","LPL","Mlxg"
"Royal Never Give Up","LPL","NaMei"
"Royal Never Give Up","LPL","Sask"
"Royal Never Give Up","LPL","Uzi (Jian Zi-Hao)"
"Royal Never Give Up","LPL","Wuxx"
"Royal Never Give Up","LPL","Xiaohu"
"SBENU Sonicboom","LCK","Flawless"
"SBENU Sonicboom","LCK","Nuclear"
"SBENU Sonicboom","LCK","SaSin"
"SBENU Sonicboom","LCK","Secret"
"SBENU Sonicboom","LCK","Soul (Seo Hyeon-seok)"
"SK Telecom T1","LCK","Bang"
"SK Telecom T1","LCK","Bengi"
"SK Telecom T1","LCK","Blank"
"SK Telecom T1","LCK","Duke"
"SK Telecom T1","LCK","Faker"
"SK Telecom T1","LCK","KkOma"
"SK Telecom T1","LCK","Scout"
"SK Telecom T1","LCK","Wolf (Lee Jae-wan)"
"Saigon Jokers","GPL","Celebrity"
"Saigon Jokers","GPL","HanYiAn"
"Saigon Jokers","GPL","Jinkey"
"Saigon Jokers","GPL","Lovida"
"Saigon Jokers","GPL","Row"
"Saigon Jokers","GPL","Tsu"
"Saigon Jokers","GPL","Warzone"
"Saint Gaming","LPL","Captain (Sun Yu-Ze)"
"Saint Gaming","LPL","Chimin"
"Saint Gaming","LPL","Maidong"
"Saint Gaming","LPL","March"
"Saint Gaming","LPL","Otto"
"Saint Gaming","LPL","Snoopy (Yang Yo-myong)"
"Saint Gaming","LPL","Styz"
"Saint Gaming","LPL","X1u"
"Saint Gaming","LPL","XQ"
"Samsung Galaxy","LCK","Ambition"
"Samsung Galaxy","LCK","CoreJJ"
"Samsung Galaxy","LCK","Crown"
"Samsung Galaxy","LCK","CuVee"
"Samsung Galaxy","LCK","Edgar"
"Samsung Galaxy","LCK","Helper"
"Samsung Galaxy","LCK","Ruler"
"Samsung Galaxy","LCK","Stitch"
"Samsung Galaxy","LCK","Wraith"
"Sin Gaming","OPL","Cardrid"
"Sin Gaming","OPL","DanDayn"
"Sin Gaming","OPL","Juves"
"Sin Gaming","OPL","RYmeister"
"Sin Gaming","OPL","Raps"
"Sin Gaming","OPL","Rogue (Jake Sharwood)"
"Sin Gaming","OPL","Skwiggle"
"Snake Esports","LPL","Ella"
"Snake Esports","LPL","Flandre"
"Snake Esports","LPL","Jiezou"
"Snake Esports","LPL","KRYST4L"
"Snake Esports","LPL","Martin (Tan Qi)"
"Snake Esports","LPL","SofM"
"Snake Esports","LPL","TANK"
"Snake Esports","LPL","ZZR"
"Splyce","EU","Kobbe"
"Splyce","EU","Mikyx"
"Splyce","EU","Nisbeth"
"Splyce","EU","Sencux"
"Splyce","EU","Trashy"
"Splyce","EU","Wunder"
"Splyce","EU","YamatoCannon"
"SuperMassive eSports","TCL","Achuu"
"SuperMassive eSports","TCL","Achuu Çöp"
"SuperMassive eSports","TCL","Dumbledoge"
"SuperMassive eSports","TCL","FabFabulous"
"SuperMassive eSports","TCL","Nardeus"
"SuperMassive eSports","TCL","Naru"
"SuperMassive eSports","TCL","Stomaged"
"SuperMassive eSports","TCL","Thaldrin"
"Tainted Minds","OPL","Lost"
"Tainted Minds","OPL","Omni"
"Tainted Minds","OPL","Praedyth"
"Tainted Minds","OPL","Rosey"
"Tainted Minds","OPL","Straawbella"
"Tainted Minds","OPL","Zahe"
"Taipei Assassins","LMS","Achie"
"Taipei Assassins","LMS","Bebe (Chang Bo-Wei)"
"Taipei Assassins","LMS","FoFo"
"Taipei Assassins","LMS","Jay"
"Taipei Assassins","LMS","Lilv"
"Taipei Assassins","LMS","REFRA1N"
"Taipei Assassins","LMS","Yue"
"Team AURORA","TCL","Avenuee"
"Team AURORA","TCL","Crystal"
"Team AURORA","TCL","DarkSide"
"Team AURORA","TCL","Hioss"
"Team AURORA","TCL","Kanani"
"Team AURORA","TCL","Unknown"
"Team AURORA","TCL","Zergsting"
"Team Differential","LCL","Dayruin"
"Team Differential","LCL","Flashy"
"Team Differential","LCL","Gemp"
"Team Differential","LCL","JustNo0b"
"Team Differential","LCL","Punisher"
"Team Differential","LCL","Resu"
"Team Dignitas","NA","Apollo (Apollo Price)"
"Team Dignitas","NA","BillyBoss"
"Team Dignitas","NA","InnerFlame"
"Team Dignitas","NA","KiWiKiD"
"Team Dignitas","NA","Kirei"
"Team Dignitas","NA","Raz"
"Team Dignitas","NA","Shiphtur"
"Team Empire","LCL","Antariys"
"Team Empire","LCL","BULBAZABP"
"Team Empire","LCL","Ferit"
"Team Empire","LCL","Memento"
"Team Empire","LCL","Mumus100"
"Team Empire","LCL","Paranoia"
"Team Empire","LCL","SaNTaS"
"Team Empire","LCL","Svikter"
"Team Empire","LCL","Symphony"
"Team Empire","LCL","Tornell"
"Team EnVyUs","NA","Hakuho"
"Team EnVyUs","NA","LOD"
"Team EnVyUs","NA","Miracle (Lee Hyeon-beom)"
"Team EnVyUs","NA","Ninja"
"Team EnVyUs","NA","Procxin"
"Team Impulse","NA","Beibei"
"Team Impulse","NA","Gate"
"Team Impulse","NA","Jason"
"Team Impulse","NA","Ken"
"Team Impulse","NA","Mash"
"Team Impulse","NA","Pirean"
"Team Impulse","NA","Procxin"
"Team Impulse","NA","Seraph"
"Team Just","LCL","Antariys"
"Team Just","LCL","Blasting"
"Team Just","LCL","GetCrazy"
"Team Just","LCL","JustNo0b"
"Team Just","LCL","Kimi"
"Team Just","LCL","Marker"
"Team Just","LCL","Neiman"
"Team Just","LCL","Punisher"
"Team Just","LCL","Ques"
"Team Just","LCL","Stierlitz"
"Team Just","LCL","Unstop"
"Team Just","LCL","Voyna"
"Team Liquid","NA","Dardoch"
"Team Liquid","NA","Fabbbyyy"
"Team Liquid","NA","FeniX"
"Team Liquid","NA","IWDominate"
"Team Liquid","NA","Locodoco"
"Team Liquid","NA","Lourlo"
"Team Liquid","NA","Matt"
"Team Liquid","NA","Moon (Galen Holgate)"
"Team Liquid","NA","Piglet"
"Team Liquid","NA","Smoothie"
"Team Mist","LMS","Benny (Lien Hsiu-Chi)"
"Team Mist","LMS","Breeze"
"Team Mist","LMS","K"
"Team Mist","LMS","Rain (Liu Min-Hung)"
"Team Mist","LMS","Zor"
"Team ROCCAT","EU","Airwaks"
"Team ROCCAT","EU","Betsy"
"Team ROCCAT","EU","Edward"
"Team ROCCAT","EU","Extinkt"
"Team ROCCAT","EU","GrabbZ"
"Team ROCCAT","EU","ImSoFresh"
"Team ROCCAT","EU","Memento"
"Team ROCCAT","EU","NoXiAK"
"Team ROCCAT","EU","Parang"
"Team ROCCAT","EU","Raise"
"Team ROCCAT","EU","Safir"
"Team ROCCAT","EU","Steeelback"
"Team ROCCAT","EU","Tabzz"
"Team Rigel","GPL","Arkane"
"Team Rigel","GPL","Arykelic"
"Team Rigel","GPL","Mexilew"
"Team Rigel","GPL","PandaPaws"
"Team Rigel","GPL","Zancazor"
"Team SoloMid","NA","Biofrost"
"Team SoloMid","NA","Bjergsen"
"Team SoloMid","NA","Doublelift"
"Team SoloMid","NA","Hauntzer"
"Team SoloMid","NA","Jarge"
"Team SoloMid","NA","Parth"
"Team SoloMid","NA","Reginald"
"Team SoloMid","NA","Svenskeren"
"Team SoloMid","NA","YellOwStaR"
"Team Turquality","TCL","Fencer"
"Team Turquality","TCL","Kazze"
"Team Turquality","TCL","KillerEs"
"Team Turquality","TCL","LongB"
"Team Turquality","TCL","Reach (Lee Joo-won)"
"Team Turquality","TCL","Un1tback"
"Team Turquality","TCL","Xyraz"
"Team Vitality","EU","Cabochard"
"Team Vitality","EU","Hjärnan"
"Team Vitality","EU","KaSing"
"Team Vitality","EU","Mightybear"
"Team Vitality","EU","Nukeduck"
"Team Vitality","EU","Police"
"Team Vitality","EU","Reje"
"Team Vitality","EU","Shaunz"
"Team Vitality","EU","Shook"
"Team WE","LPL","957"
"Team WE","LPL","Condi"
"Team WE","LPL","Mystic"
"Team WE","LPL","Xiye"
"Team WE","LPL","Zero (Yoon Kyung-sup)"
"Tesla E-Sports","LAN","Bismal"
"Tesla E-Sports","LAN","ILove"
"Tesla E-Sports","LAN","Tarzán"
"Tesla E-Sports","LAN","Zeypher"
"Trident Esports","OPL","Bma"
"Trident Esports","OPL","Edition"
"Trident Esports","OPL","Impaired"
"Trident Esports","OPL","Jayke"
"Trident Esports","OPL","Wzrd"
"Unicorns Of Love","EU","Diamondprox"
"Unicorns Of Love","EU","Djoko"
"Unicorns Of Love","EU","Exileh"
"Unicorns Of Love","EU","Fox"
"Unicorns Of Love","EU","Hylissang"
"Unicorns Of Love","EU","Loulex"
"Unicorns Of Love","EU","Move"
"Unicorns Of Love","EU","Rudy"
"Unicorns Of Love","EU","Sheepy"
"Unicorns Of Love","EU","Steeelback"
"Unicorns Of Love","EU","Veritas"
"Unicorns Of Love","EU","Vizicsacsi"
"Vaevictis eSports","LCL","Bonjour"
"Vaevictis eSports","LCL","DoubleAiM"
"Vaevictis eSports","LCL","Ekd"
"Vaevictis eSports","LCL","Lord ZaK"
"Vaevictis eSports","LCL","Piter Pokir"
"Vaevictis eSports","LCL","Raxxo"
"Vaevictis eSports","LCL","SaNTaS"
"Vaevictis eSports","LCL","StarForgerZak"
"Vaevictis eSports","LCL","Symphony"
"Vega Squadron","LCL","Doxy"
"Vega Squadron","LCL","Drobovik123"
"Vega Squadron","LCL","Edward"
"Vega Squadron","LCL","NoNholy"
"Vega Squadron","LCL","Ritix"
"Vega Squadron","LCL","Tauren"
"Vega Squadron","LCL","WildHeart"
"Vega Squadron","LCL","XDSMILEY"
"Vega Squadron","LCL","Zanzarah"
"Vestigial","GPL","Arykelic"
"Vestigial","GPL","BBTY"
"Vestigial","GPL","Kra"
"Vestigial","GPL","Mexilew"
"Vici Gaming","LPL","CaveMan"
"Vici Gaming","LPL","DanDy"
"Vici Gaming","LPL","Dandy"
"Vici Gaming","LPL","Easyhoon"
"Vici Gaming","LPL","Endless"
"Vici Gaming","LPL","Loong"
"Vici Gaming","LPL","XuanXuanPi"
"ZAGA Talent Gaming","LAN","GodDragon"
"ZAGA Talent Gaming","LAN","Master Jos"
"ZAGA Talent Gaming","LAN","SolidSnake"
"ZAGA Talent Gaming","LAN","VirusFx"
"ahq e-Sports Club","LMS","AN"
"ahq e-Sports Club","LMS","Albis"
"ahq e-Sports Club","LMS","BayBay"
"ahq e-Sports Club","LMS","Chawy"
"ahq e-Sports Club","LMS","GreenTea"
"ahq e-Sports Club","LMS","Mountain"
"ahq e-Sports Club","LMS","RD"
"ahq e-Sports Club","LMS","Westdoor"
"ahq e-Sports Club","LMS","Ziv (Chen Yi)"
"eXtreme Gamers","LMS","LBB"
"eXtreme Gamers","LMS","Mist"
"eXtreme Gamers","LMS","Nexus (Tung Tung)"
"eXtreme Gamers","LMS","Pony"
"eXtreme Gamers","LMS","Suki"
"eXtreme Gamers","LMS","SuwaKo"
"eXtreme Gamers","LMS","Yo"
"g3nerationX","CBLOL","Alocs"
"g3nerationX","CBLOL","Skyer"
"g3nerationX","CBLOL","Snowlz"
"g3nerationX","CBLOL","TaeYeon"
"g3nerationX","CBLOL","Transao"
"paiN Gaming","CBLOL","BrTT"
"paiN Gaming","CBLOL","Kami"
"paiN Gaming","CBLOL","Leko"
"paiN Gaming","CBLOL","MiT"
"paiN Gaming","CBLOL","Mylon"
"paiN Gaming","CBLOL","Picoca"
"paiN Gaming","CBLOL","SirT"
"paiN Gaming","CBLOL","TaeYeon"
"paiN Gaming","CBLOL","TheFoxz"
"paiN Gaming","CBLOL","Ziriguidun"
"ÇİLEKLER","TCL","Astarte (Görkem Öztürk)"
"ÇİLEKLER","TCL","Cognac"
"ÇİLEKLER","TCL","LEYL Ü NEHAR"
"ÇİLEKLER","TCL","Lukezy"
"ÇİLEKLER","TCL","Madness"
"ÇİLEKLER","TCL","Panky (Uğur Taş)"
"ÇİLEKLER","TCL","Rawbin"
"ÇİLEKLER","TCL","Sigma"
