"007x","Chayut Suebka","Jungle","Thailand"
"13Ghost","Jasper Tan Kah Guan","Top","Malaysia"
"17","Xu Zhao (徐曌)","Top","China"
"1984","Ezequiel Ramírez","AD","Argentina"
"1an","Ian Espinosa","AD","Mexico"
"1ntruder","Tang Sheng (唐圣)","Jungle","China"
"5","Liu Shi-Yu (刘时雨)","Support","China"
"957","Ke Chang-Yu (柯昌宇)","Top","China"
"ADD","Kang Geon-mo (강건모)","Top","South Korea"
"AJ","Chen Yen-Chun (陳諺均)","Top","Taiwan"
"AMiracle","Vladislav Scherbyna","AD","Ukraine"
"AN","Chou Chun-An (周俊諳)","AD","Taiwan"
"Abaria","Bogusław Dobryniewski","Mid","Poland"
"Abaxial","Alexander Haibel","Coach","USA"
"Acce","Emmanuel Juárez","Top","Argentina"
"Acerola","Daniel Villalobos","Jungle","Costa Rica"
"Achie","Chen Chen-Chi (陳振齊)","Jungle","Taiwan"
"Achuu","Nicolaj Ellesgaard","AD","Denmark"
"Achuu Çöp","Nicolaj Ellesgaard","AD","Denmark"
"Acorn","Choi Cheon-ju (최천주)","Top","South Korea"
"Adrian","Adrian Ma","Support","USA"
"Adryh","Adrián Pérez","AD","Spain"
"AeonBlast","Park Jin-su (박진수)","Mid","South Korea"
"Airwaks","Karim Benghalia","Jungle","Switzerland"
"Albis","Kang Chia-Wei (康家維)","Support","Taiwan"
"Alex Ich","Alexey Ichetovkin","Mid","Russia"
"Alleycat","Masaaki Yamaguchi","Mid","Japan"
"Alocs","Leonardo Belo","Coach","Brazil"
"Alps","Tatsumi Suzuki","Mid","Japan"
"Altec","Johnny Ru","AD","Canada"
"Amazing (Maurice Stückenschneider)","Maurice Stückenschneider","Jungle","Germany"
"AmazingJ","Shek Wai Ho (石偉豪)","Top","Hong Kong"
"Ambition","Kang Chan-yong (강찬용)","Jungle","South Korea"
"Andree","Andre Culham","Support","Indonesia"
"Ansva","Konstantin Chanchikov","Coach","Russia"
"Antariys","Vladislav Smorodin","Support","Russia"
"Aoi Haru","Kirill Kolupaev","Top","Russia"
"Aoshi","Franklin Coutinho","Top","Brazil"
"Aotaka","Takuya Fujita","Top","Japan"
"ApaMEN","Ryo Odagiri","Top","Japan"
"Apex (Hsieh Chia-Wei)","Hsieh Chia-Wei (謝家維)","Mid","Taiwan"
"Aphromoo","Zaqueri Black","Support","USA"
"Apollo (Apollo Price)","Apollo Price","AD","USA"
"Araneae","Alvar Martín Aleñar","Coach","Spain"
"Arce","Diego Arce Chang","Support","Peru"
"Archie (Vyacheslav Egorov)","Vyacheslav Egorov","Support","Russia"
"Arfoad","Kento Inoue","Top","Japan"
"Aripo","Eisho Nagata","Mid","Japan"
"Arkane","Poongundran Ranganathan","Support","Singapore"
"Arphan","Arphan Omar","Support","Germany"
"Arrow","Noh Dong-hyeon (노동현)","AD","South Korea"
"Arykelic","Dominic Loh","Mid","Singapore"
"Astarte (Görkem Öztürk)","Görkem Öztürk","Jungle","Turkey"
"Athena","Kang Ha-woon (강하운)","Mid","South Korea"
"Atom (Peter Thomsen)","Peter Thomsen","Top","Denmark"
"Avenuee","Mustafa Atalay","Mid","Germany"
"Avoidless","Fan Jun Wei (范俊偉)","Jungle","Hong Kong"
"Awaker","Kentaro Hanaoka","Jungle","Japan"
"Ayel","Marcelo Mello","Top","Brazil"
"BBTY","Wayne Chua Kim Han","Jungle","Singapore"
"BIG","Terry Chuong","Support","USA"
"BULBAZABP","Andrey Solokhov","AD","Ukraine"
"Babunia","Bartosz Dzikowski","Jungle","Poland"
"Badmilk","Enrique Arbizu","Support","Argentina"
"BaeMe","Kang Yang-hyun (강양현)","Mid","South Korea"
"Baeme","Kang Yang-hyun (강양현)","Mid","South Korea"
"Baiano","Gustavo Gomes","Support","Brazil"
"Bali","Ana Negueruela","Coach","Spain"
"Banana (Brian Hammock)","Brian Hammock","Mid","Indonesia"
"Bang","Bae Jun-sik (배준식)","AD","South Korea"
"Baolan","Wang Liu-Yi (王柳羿)","Support","China"
"BayBay","Wang You-Chun (王佑軍)","Jungle","Taiwan"
"Bdd","Gwak Bo-seong (곽보성)","Mid","South Korea"
"BeBe (Chang Bo-Wei)","Chang Bo-Wei (張博為)","AD","Taiwan"
"Bear","Manuel Parrochia","Support","Chile"
"BearJew","Manuel Parrochia","Support","Chile"
"Bebe (Chang Bo-Wei)","Chang Bo-Wei (張博為)","AD","Taiwan"
"Bebe (Friedrich Knaub)","Friedrich Knaub","Mid","Kazakhstan"
"Bei","Zhang Yu-Ze (张雨泽)","AD","China"
"Beibei","Meng Zhang","Jungle","China"
"Ben","Nam Dong-hyun (남동현)","Support","South Korea"
"Bengi","Bae Seong-woong (배성웅)","Jungle","South Korea"
"Beni","Ryohei Tsuji","Support","Japan"
"Benny (Lien Hsiu-Chi)","Lien Hsiu-Chi (連修琪)","Jungle","Taiwan"
"BetongJocke","Joachim Rasmussen","Jungle","Sweden"
"Betsy","Felix Edling","Mid","Malaysia"
"Beyond (Kim Kyu-seok)","Kim Kyu-seok (김규석)","Jungle","South Korea"
"BillyBoss","Billy Yu","Top","USA"
"Biofrost","Vincent Wang","Support","China"
"Bismal","Michael Engelberg","Support","USA"
"Bjergsen","Søren Bjerg","Mid","Denmark"
"Blanc","Jin Seong-min (진성민)","Mid","South Korea"
"Blank","Kang Sun-gu (강선구)","Jungle","South Korea"
"Blasting","Daniel Kudrin","AD","Latvia"
"Bless","Choi Hyeon-woong (최현웅)","Jungle","South Korea"
"Blindturkey","Joshua Patrizi","Support","Australia"
"BloodFenix","Alexander Hallberg","Top","Sweden"
"Bma","Brendan Ma","Mid","Australia"
"BoBo (Wang You-Lin)","Wang You-Lin (王佑霖)","Top","Taiwan"
"Bomb","Park Beom (박범)","Mid","South Korea"
"BonQuish","Alec Warren","Coach","USA"
"Bonjour","Kirill Nazarov","Support","Russia"
"BonziN","Keisuke Oda","Top","Japan"
"BoriSal","Kim Yeong-hoon (김영훈)","Mid","South Korea"
"BrTT","Felipe Gonçalves","AD","Brazil"
"Brandini","Brandon Chen","Top","USA"
"Breaker","Shih Yueh-Ting (施岳廷)","AD","Taiwan"
"Breeze","Huang Chien-Yuan (黃建源)","AD","Taiwan"
"Broooock","Akihiro Hosogoe","Mid","Japan"
"Brucer","Bruno Pereira","Mid","Brazil"
"Bubbling","Park Jun-hyeong (박준형)","Jungle","South Korea"
"Buggax","Mateo Aroztegui","Top","Uruguay"
"Bunny FuFuu","Michael Kurylo","Support","USA"
"CO4","Adrian Leng Seet Hing","AD","Malaysia"
"Cabochard","Lucas Simon-Meslet","Top","France"
"CandyBB","Liu Shih-Chieh (劉世喆)","Support","Taiwan"
"Caos (Jonas Vriesman)","Jonas Vriesman","Jungle","Brazil"
"Caps","Rasmus Winther","Mid","Denmark"
"Captain (Sun Yu-Ze)","Sun Yu-Ze (孙羽泽)","Jungle","China"
"Carbon","Tim Wendel","Jungle","Australia"
"Cardrid","Harry Archer","AD","Australia"
"CarilRui","Kentaro Katagiri","Jungle","Japan"
"Catch","Yun Sang-ho (윤상호)","Jungle","South Korea"
"CaveMan","Duan De-Liang (段德良)","Support","China"
"Celebrity","Nguyễn Phước Long Hiệp","AD","Vietnam"
"Ceros","Kyohei Yoshida","Mid","Japan"
"Challenger","Hiroki Tadokoro","Jungle","Japan"
"Charlie (Charlie Lipsie)","Charlie Lipsie","Coach","China"
"Chaser","Lee Sang-hyun (이상현)","Jungle","South Korea"
"Chawy","Wong Xing-Lei (黃心磊)","Mid","Singapore"
"Cheese","Daniel Brown","Mid","Australia"
"Chei","Choi Sun-ho (최선호)","Support","South Korea"
"Chelby","Bradley Williams","Jungle","New Zealand"
"Chenyboy","James Chen","AD","Australia"
"Chillyz","Gong Nok Hin (江諾軒)","Mid","Hong Kong"
"Chimin","Kim Gyeong-min (김경민)","Jungle","South Korea"
"Chippys","Ryan Short","Top","New Zealand"
"ChuChuZ","Aaron Bland","Mid","Australia"
"ChumpJohn","Johnson Ranta","Top","Canada"
"City","He Wei (贺维)","Support","China"
"Clatos","Claudio Navarrete","Jungle","Chile"
"Clearlove","Ming Kai (明凯)","Jungle","China"
"Clockday","Kazuhiro Suzuki","Mid","Japan"
"Clongwen","Melih Bozkurt","Jungle","Turkey"
"Coco","Shin Jin-yeong (신진영)","Mid","South Korea"
"Cogcog","Ryohei Matsuda","Top","Japan"
"Cognac","Ömer Faruk Ünsal","Support","Turkey"
"Condi","Xiang Ren-Jie (向人杰)","Jungle","China"
"Cookie","Choi Byeong-kook (최병국)","Jungle","South Korea"
"Cool","Yu Jia-Jun (余家俊)","Mid","China"
"CoolKitty","Joseph Lim Ken Zhen","AD","Malaysia"
"Cop","David Roberson","Coach","USA"
"CorGi","Cheng Pin-Lun (程品倫)","AD","Taiwan"
"CoreJJ","Jo Yong-in (조용인)","AD","South Korea"
"Corn (Hong Jae-hee)","Hong Jae-hee","Support","South Korea"
"Corpse","Mehmet Turgut Aksel","Support","Turkey"
"Cpt Jack","Kang Hyung-woo (강형우)","AD","South Korea"
"Crash","Lee Dong-woo (이동우)","Jungle","South Korea"
"Crazy","Kim Jae-hee (김재희)","Top","South Korea"
"Cris","Cristian Rosales","Top","Mexico"
"Crisis","Huang Zhen (黄震)","Jungle","China"
"Crown","Lee Min-ho (이민호)","Mid","South Korea"
"Crumbz","Alberto Rengifo","Jungle","Venezuela"
"Crush","Kim Jun-seo (김준서)","Jungle","South Korea"
"Cry","Hae Sung-min (해성민)","Mid","South Korea"
"Crystal","Atakan Aydın","Jungle","Turkey"
"CuVee","Lee Seong-jin (이성진)","Top","South Korea"
"Cuden","Mike Le","Support","Australia"
"Cygnüs","Juan Castillo","Support","Peru"
"DCStar","Carlos Méndez","Mid","Mexico"
"DDD","Zhenhon Luo","Top","China"
"Dade","Bae Eo-jin (배어진)","Mid","South Korea"
"DanDayn","Daniel Yow","Jungle","New Zealand"
"DanDy","Choi In-kyu (최인규)","Jungle","South Korea"
"Danagorn","Daniel Drummond","Jungle","Brazil"
"Dandy","Choi In-kyu (최인규)","Jungle","South Korea"
"Dara","Jeon Jeong-hoon (전정훈)","Support","South Korea"
"Dardoch","Joshua Hartnett","Jungle","USA"
"Dark","Yang Ju-Bao (杨聚宝)","Top","China"
"DarkSide","Alejandro Oyonate","AD","Spain"
"Darlik","Aymeric Garçon","Top","France"
"Darshan","Darshan Upadhyaya","Top","Canada"
"Day1","Wataru Shimizu","AD","Japan"
"DayDream","Kang Kyung-min (강경민)","Jungle","South Korea"
"Dayruin","Boris Sherbakov","AD","Russia"
"Dee","Chen Jun-Dee (陳駿迪)","AD","Taiwan"
"Deft","Kim Hyuk-kyu (김혁규)","AD","South Korea"
"Deilor","Luis Sevilla Petit","Coach","Spain"
"Denden","Dennis Bui","Support","Norway"
"Denian","James Goddard","Support","Australia"
"Destiny (Mitchell Shaw)","Mitchell Shaw","AD","Australia"
"Diamondprox","Danil Reshetnikov","Jungle","Russia"
"Dickma",,"Support",
"DimaJke","Dmitrii Gushcha","Jungle","Russia"
"DinTer","Shiue Hong-Wei (薛弘偉)","Jungle","Taiwan"
"Dinamox","Javier Korhasanoglu","Mid","Argentina"
"Dionrray","João Pedro Barbosa","Coach","Switzerland"
"Dioud","Hugo Padioleau","Support","France"
"Djoko","Charly Guillard","Jungle","France"
"Djokovic","Thiago Maia","Coach","Brazil"
"Doinb","Kim Tae-sang (김태상)","Mid","South Korea"
"DoubleAiM","Aleksa Stanković","Jungle","Serbia"
"Doublelift","Yiliang Peng","AD","USA"
"Doxy","Rafael Adl Zarabi","Top","Denmark"
"Dreamer","Ceng Jian-Hong (曾建泓)","Support","Taiwan"
"Drobovik123","Evgeniy Belousov","Mid","Russia"
"Duke","Lee Ho-seong (이호성)","Top","South Korea"
"Dumbledoge","Mustafa Kemal Gökseloğlu","Support","Turkey"
"Dye","Gerson Castaño","Top","Colombia"
"Dylan","Dylan Falco","Coach","Canada"
"EGym","Bryce Paule","Support","Australia"
"Easy (Brandon Doyle)","Brandon Doyle","Mid","USA"
"Easyhoon","Lee Ji-hoon (이지훈)","Mid","South Korea"
"Edgar","Choi Woo-beom (최우범)","Coach","South Korea"
"Edge","Lee Ho-seong (이호성)","Mid","South Korea"
"Edition","Patrick Nguyen","AD","Australia"
"Edward","Edward Abgaryan","Support","Armenia"
"Eika","Jérémy Valdenaire","Mid","France"
"Eimy","Xie Dan (谢丹)","Jungle","China"
"Ekd","Sebastian Wikström","AD","Sweden"
"Ekka","Anton Shestakov","Mid","Russia"
"Element","Arlindo Leal Neto","Top","Brazil"
"Ella","Kwak Na-hoon (곽나훈)","Support","South Korea"
"Elwind","Kaan Atıcı","Top","Turkey"
"Elysion","Sergen Dikel","Mid","Turkey"
"Emp","Benjamín Ramírez","Mid","Chile"
"Emperor","Kim Jin-hyun (김진현)","AD","South Korea"
"Endless","Xu Hao (许昊)","AD","China"
"EndlessACE","Anjo Alzate","Support","Philippines"
"Enty","Ryosei Tanioka","Support","Japan"
"Eryon","Márcio Reis","Top","Brazil"
"EsA","Eidi Yanagimachi","AD","Japan"
"Estelim","Sho Takahashi","Mid","Japan"
"Eternal (Han Gi-hun)","Han Gi-hun (한기훈)","Support","South Korea"
"EvanRL","Evan Lawson","AD","USA"
"Evi","Shunsuke Murase","Top","Japan"
"Exciting","Chang Po-Hao (張博皓)","Top","Taiwan"
"Exileh","Fabian Schubert","Mid","Germany"
"Expect","Ki Dae-han (기대한)","Top","South Korea"
"Expession","Koo Bon-taek (구본택)","Top","South Korea"
"Extinkt","Vytautas Mėlinauskas","Support","Lithuania"
"EzPrince","Victor Sun","AD","Brazil"
"FIRees","Ivan Silantiev","Top","Russia"
"FORG1VEN","Konstantinos Tzortziou","AD","Greece"
"FabFabulous","Asım Cihat Karakaya","Top","Turkey"
"Fabbbyyy","Jovani Guillen","AD","USA"
"Faker","Lee Sang-hyeok (이상혁)","Mid","South Korea"
"Febiven","Fabian Diepstraten","Mid","Netherlands"
"Fencer","Choi Sung-won (최성원)","Top","South Korea"
"Feng (Wang Xiao-Feng)","Wang Xiao-Feng (王晓峰)","Top","China"
"FeniX","Kim Jae-hoon (김재훈)","Mid","South Korea"
"Ferit","Ferit Keçelioğlu","Jungle","France"
"Fireloli","Zhao Zhi-Ming (赵志铭)","Jungle","China"
"Firetrap","Jin Jae-seung (진재승)","Top","South Korea"
"FishBall","Wang Yu (王宇)","Jungle","China"
"Flame","Lee Ho-jong (이호종)","Top","South Korea"
"Flandre","Li Xuan-Jun (李炫君)","Top","China"
"Flaresz","Cuong Ta","Top","USA"
"Flashy","Yury Shilenkov","Mid","Russia"
"Flawless","Sung Yeon-jun (성연준)","Jungle","South Korea"
"Fluidwind","Shih Yi-Hao (史益豪)","Coach","Taiwan"
"Fly (Kim Sang-chul)","Kim Sang-chul (김상철)","Coach","South Korea"
"Fly (Song Yong-jun)","Song Yong-jun (송용준)","Mid","South Korea"
"FoFo","Chu Chun-Lan (朱駿嵐)","Mid","Taiwan"
"Focho","Matías Porto","Jungle","Chile"
"Fomko","Anton Fomkin","Mid","Russia"
"Fox","Hampus Myhre","Mid","Sweden"
"Fr3deric","Federico Lizondo","Jungle","Spain"
"FraGio","Alex Giovanne Huamán","Jungle","Peru"
"Frae","Leon Lee","AD","Australia"
"Fredy122","Simon Payne","Top","United Kingdom"
"Freeze","Aleš Kněžínek","AD","Czech Republic"
"Froggen","Henrik Hansen","Mid","Denmark"
"Frozen","Kim Tae-il (김태일)","Mid","South Korea"
"Fury (Lee Jin-yong)","Lee Jin-yong (이진용)","AD","South Korea"
"Föur","Stanimir Penchev","Jungle","Bulgaria"
"G0DFRED","Oskar Lundström","Support","Sweden"
"G4","Nuttapong Menkasikan","Mid","Thailand"
"GBM","Lee Chang-seok (이창석)","Mid","South Korea"
"GalB","Lee Ju-hyeob (이주협)","Jungle","South Korea"
"Galfi","Hugo Augusto","Coach","Brazil"
"Gamsu","Noh Yeong-jin (노영진)","Top","South Korea"
"Gate","Austin Yu","Mid","China"
"Gear","Lam Kwok Wa (林國華)","Mid","Hong Kong"
"Gemp","Igor Aksenov","Support","Russia"
"Genthix","Mariano Polonsky","Support","Argentina"
"GetCrazy","Oleg Kohanyuk","Support","Russia"
"Ghinis","Fernando López","Support","Mexico"
"Ghost (Jang Yong-jun)","Jang Yong-jun (장용준)","AD","South Korea"
"Gilius","Erberk Demir","Jungle","Germany"
"GimGoon","Kim Han-saem (김한샘)","Top","South Korea"
"Ginko","Jake Fyfe","Coach","USA"
"GodDragon","Alejandro Pérez","Support","Spain"
"GodKwai","Cheung Ho Wan (張皓雲)","AD","Hong Kong"
"Godbro","Dan Van Vo","Mid","Denmark"
"Goku","Bruno Miyaguchi","Mid","Brazil"
"Goldenglue","Greyson Gilmer","Mid","USA"
"Gonto","Alan Gontovnikas","Jungle","Argentina"
"GorillA","Kang Beom-hyeon (강범현)","Support","South Korea"
"Gosu","Sin Hyeok (신혁)","Mid","South Korea"
"GrabbZ","Fabian Lohmann","Coach","Germany"
"GreenTea","Tsai Shang-Ching (蔡尚精)","Coach","Taiwan"
"Grigne","Jonathan Armao","Jungle","USA"
"GuGer","Kim Do-yeop (김도엽)","Support","South Korea"
"Guishe","Guillermo Cárdenas","Top","Peru"
"H4T3","Josef Adrian Cabero","AD","Philippines"
"H4rdeath","Nikita Bely","Top","Russia"
"HW4NG","Hwang Young-sik (황영식)","Mid","South Korea"
"Hachani","Ha Seung-chan (하승찬)","Support","South Korea"
"Hai","Hai Du Lam","Support","USA"
"Hakuho","Nickolas Surgent","Support","USA"
"HanYiAn","Trần Quang Hiệp","Jungle","Vietnam"
"HappyY","Yu Rui (喻瑞)","AD","China"
"Hard","Anthony Barkhovtsev","Jungle","Canada"
"Haretti","Souta Nakamura","AD","Japan"
"Haru","Kang Min-seung (강민승)","Jungle","South Korea"
"Hatrixx","Jørgen Elgåen","Mid","Norway"
"Hauntzer","Kevin Yarnell","Top","USA"
"Hazel","Nicolai Larsen","Coach","Denmark"
"HeavenTime","Simon Jeon","Coach","South Korea"
"Helior","Felipe Pastenes","Top","Chile"
"Helper","Kwon Yeong-jae (권영재)","Top","South Korea"
"Hermes (David Tu)","David Tu","Coach","USA"
"Hermit","Tadayoshi Littleton","Coach","USA"
"Hibiki","Burak Eryol","Support","Turkey"
"Hikari","Hirokazu Myojo","AD","Japan"
"Hioss","Emircan Hazar","Top","Turkey"
"Hipo","Suk Hyun-jun (석현준)","Top","South Korea"
"Hjärnan","Petter Freyschuss","AD","Sweden"
"HolyPhoenix","Anıl Işık","AD","Turkey"
"Huhi","Choi Jae-hyun (최재현)","Mid","France"
"Huni","Heo Seung-hoon (허승훈)","Top","South Korea"
"Hustlin","Morgan Granberg","Support","Sweden"
"Hybrid","Glenn Doornenbal","Support","Netherlands"
"Hydra","Luca Grieco","Mid","Argentina"
"Hylissang","Zdravets Galabov","Support","Bulgaria"
"ILove","Jesús Calderón","Mid","Peru"
"IWDominate","Christian Rivera","Jungle","USA"
"Ian","An Jun-hyeong (안준형)","Mid","South Korea"
"Icon","Xie Tian-Yu (谢天宇)","Mid","China"
"IgNar","Lee Dong-geun (이동근)","Support","South Korea"
"Ikssu","Jeon Ik-soo (전익수)","Top","South Korea"
"Ilven","Rai Kei","Jungle","China"
"ImSoFresh","Karim Bbahla","Coach","Belgium"
"Immortoru","Furkan Tekeş","Mid","Turkey"
"Imp","Gu Seung-bin (구승빈)","AD","South Korea"
"Impact","Jung Eon-yeong (정언영)","Top","South Korea"
"Impaired","Elliot Capell","Jungle","Australia"
"InSec","Choi In-seok (최인석)","Jungle","South Korea"
"InTreso","Sanpett Marat","Top","Thailand"
"InnerFlame","Joe Elouassi","Coach","United Kingdom"
"Inori","Rami Charagh","Jungle","Iraq"
"Inu","Akito Kuwabara","Jungle","Japan"
"Iruga","Mauricio Chambi","AD","Peru"
"Isurugi","Yoshitaka Hayasaki","Jungle","Japan"
"JLC","Jaiby Paglingayen","Top","Philippines"
"Jakattack","Jack Gifford","Top","New Zealand"
"Jankos","Marcin Jankowski","Jungle","Poland"
"Jarge","Joshua Smith","Coach","United Kingdom"
"Jason","Jun-yao Pan","Coach","China"
"Jay","Li Chieh (李杰)","Support","Taiwan"
"Jayke","Jayke Paulsen","Support","Australia"
"Jensen","Nicolaj Jensen","Mid","Denmark"
"Jenvi","Jenel Hapitana","AD","Philippines"
"JieZou","Xia Heng (夏衡)","Support","China"
"Jiezou","Xia Heng (夏衡)","Support","China"
"Jin (Adrià Salabert)","Adrià Salabert","Top","Spain"
"Jinjiao","Xie Jin-Shan (谢金山)","AD","China"
"Jinkey","Trần Công Cam","Jungle","Vietnam"
"Jinoo","Lim Jin-woo (임진우)","Top","South Korea"
"Jirall","Daniel del Castillo","Top","Mexico"
"Jockster","Luan Cardoso","Support","Brazil"
"Juejue","Yan Hong (颜宏)","Jungle","China"
"Jukaah","Ednilson Vargas","Coach","Brazil"
"Julian","Fei Chuan-Yuan (費雋元)","Top","Taiwan"
"Juliostito","Julio Berríos","Jungle","Chile"
"JustNo0b","Yegor Erokhin","Top","Russia"
"Juves","Brandon Defina","Jungle","Australia"
"K","Ko Kai-Sheng (柯凱盛)","Top/Jungle/Mid","Taiwan"
"K0u","Tinh Tri Lam","Jungle","Norway"
"K1ng","Calvin Truong","AD","Australia"
"KEITH","Yuri Jew","AD","USA"
"KRYST4L","Yang Fan (杨藩)","AD","China"
"KaSing","Raymond Tsang","Support","United Kingdom"
"Kadir","Kadircan Mumcuoğlu","Jungle","Netherlands"
"Kaiwing","Ling Kai Wing (凌啟榮)","Support","Hong Kong"
"Kami","Gabriel Santos","Mid","Brazil"
"Kanani","Lamine-Lounis Khouani","Jungle","Algeria"
"Kanon","Khenn Pragale","Top","Philippines"
"KarlCulated","Karl Duazo","Mid","Philippines"
"Karsa","Hung Hau-Hsuan (洪浩軒)","Jungle","Taiwan"
"Kazu","Kazuta Suzuki","Support","France"
"Kazze","Ekin Tire","AD","Turkey"
"Keane","Jang Lae-young (장래영)","Mid","South Korea"
"Ken","Kenneth Tang","Support","USA"
"Kenny (Bruno Córdova)","Bruno Córdova","Jungle","Peru"
"Keoo","Yair Campos","Support","Mexico"
"Key","Kim Han-gi (김한기)","Support","South Korea"
"Kez","Kevin Jeon","Jungle","USA"
"Kezman","Son Dae-young (손대영)","Coach","South Korea"
"Kfo","Park Jeong-hun (박정훈)","Top","South Korea"
"Khynm","Cristian Gabriel Alonso","Jungle","Argentina"
"KiWiKiD","Alan Nguyen","Support","USA"
"Kid","Ge Yan (葛炎)","Jungle","China"
"Kikis","Mateusz Szkudlarek","Top","Poland"
"KillerEs","Arda Subaşı","AD","Turkey"
"Kimi","Ilja Kolosov","Jungle","Latvia"
"Kira","Mykhailo Harmash","Mid","Ukraine"
"Kirei","Thomas Yuen","Jungle","Netherlands"
"Kitties","Liu Hong-Jun (刘洪均)","Support","China"
"KkOma","Kim Jeong-gyun (김정균)","Coach","South Korea"
"Klaj","Johan Olsson","Support","Sweden"
"Kobbe","Kasper Kobberup","AD","Denmark"
"KonDziSan","Konrad Sopata","Jungle","Poland"
"KonKwon","Kevin Kwon (권구혁)","Support","South Korea"
"Koro1","Tong Yang (童扬)","Top","China"
"Kra","Charles Teo Yao Wei","Support","Singapore"
"Kramer","Ha Jong-hun (하종훈)","AD","South Korea"
"KuKu","Lam Ka Fu (林家富)","Mid","Macao"
"Kulo","Kurwa Khamis","Top","Australia"
"Kuro","Lee Seo-haeng (이서행)","Mid","South Korea"
"Kuzan","Lee Seong-hyeok (이성혁)","Mid","South Korea"
"LBB","Liu Ping-Hsin (劉秉鑫)","AD","Taiwan"
"LEP","Pedro Marcari","Top","Brazil"
"LEYL Ü NEHAR","Cüneyt Kocaayan","Mid","Turkey"
"LOD","Benjamin deMunck","AD","Canada"
"Lasagna","Ilya Melkumov","Jungle","Russia"
"Lazarus","Seong Sang-hyeon (성상현)","Top","South Korea"
"Le Smart","Facundo Canteros","Mid","Argentina"
"LeX","Alexei Kitsak","AD","Moldova, Republic of"
"LeY","Le Yi (乐毅)","Support","China"
"Leko","Whesley Holler","Top","Brazil"
"LemonNation","Daerek Hart","Coach","USA"
"LetMe","Yan Jun-Ze (严君泽)","Top","China"
"Leza","Francisco Jara","Mid","Mexico"
"Light","Roybie Segovia","Mid","Philippines"
"Likkrit","Kirill Malofeyev","Support","Russia"
"LilSainity","Daniel Fernández","Coach","Cuba"
"Lillebelt","Yosiaki Koka","Support","Japan"
"Lilv","Chen Chin-Han (陳縉翰)","AD","Taiwan"
"Lindarang","Heo Man-heung (허만흥)","Top","South Korea"
"LiquidDiego","Diego Padilla","Jungle","Mexico"
"LirA","Nam Tae-yoo (남태유)","Jungle","South Korea"
"Lloyd","Juckkirsts Kongubon","AD","Thailand"
"Locodoco","Choi Yoon-sub (최윤섭)","Coach","South Korea"
"LokeN","Lee Dong-wook (이동욱)","AD","South Korea"
"LongB","Serkan Ülkücü","Mid","Turkey"
"Looch","Carlo La Civita","Mid","Australia"
"Loong","Zhu Xiao-Long (朱小龙)","Top","China"
"Looper","Jang Hyeong-seok (장형석)","Top","South Korea"
"Lord ZaK","Dmitrii Kulkin","Top","Russia"
"Lost","Lawrence Hui","AD","New Zealand"
"Loulex","Jean-Victor Burgevin","Jungle","France"
"Lourlo","Samson Jackson","Top","USA"
"Lovida","Mai Việt Long","Mid","Vietnam"
"Lozark","David Alonso Vicente","Coach","Spain"
"Lukezy","Luka Trumbić","Mid","Croatia"
"Lulos","Jack Yang Huang (黃楊噳)","Mid","Taiwan"
"Luna (Josh Allen)","Josh Allen","Support","United Kingdom"
"Luo (Luo Ci-rui)","Luo Ci-Rui (罗词锐)","Support","China"
"Luskka","Lucas Rentechen","AD","Brazil"
"Ly4ly4ly4","Lim Yang","Top","Singapore"
"M1ssion","Chen Hsiao-Hsien (陳孝銜)","Mid","Taiwan"
"MANTARRAYA","Juan Abdón","Top","Uruguay"
"MMD","Yau Li-Hung (游立宏)","Top","Taiwan"
"MaHa","Oh Hyun-sik (오현식)","AD","South Korea"
"MaRin","Jang Gyeong-hwan (장경환)","Top","South Korea"
"MadLife","Hong Min-gi (홍민기)","Support","South Korea"
"Madness","Gökhan Uçar","AD","Turkey"
"Maidong","Tang Huang-Chao (唐黄超)","Support","China"
"Malaz","Malaz Khodier","Top","United Arab Emirates"
"Mallek","Lawrence David","Support","Australia"
"Manu","Manuel Villa","AD","Puerto Rico"
"Maple (Huang Yi-Tang)","Huang Yi-Tang (黃熠棠)","Mid","Taiwan"
"MapleSnow","Yang Yu-Wei (楊育瑋)","Top","Taiwan"
"MarS","Hsu Chia-Chun (許家峻)","Mid","Taiwan"
"March","Ye Jia-Bin (叶加滨)","Jungle","China"
"Marge","Feng Li (冯磊)","AD","China"
"Marker","Mark Djyakov","Mid","Russia"
"Marshall","Yiğit Kırdök","Top","Turkey"
"Martin (Tan Qi)","Tan Qi (谭琦)","AD","China"
"Mash","Brandon Phan","AD","Canada"
"Master Jos","José Beltrán","Mid","Bolivia"
"Mata","Cho Se-hyoung (조세형)","Support","South Korea"
"Matsukaze","Pedro Gama","AD","Brazil"
"Matt","Matthew Elento","Support","USA"
"Max (Jeong Jong-bin)","Jeong Jong-bin (정종빈)","Support","South Korea"
"Maxlore","Nubar Sarafian","Jungle","United Kingdom"
"Megajp","Jorge Pera","Mid","Uruguay"
"Meiko","Tian Ye (田野)","Support","China"
"Melon (Tsai Tsung-Yu)","Tsai Tsung-Yu (蔡宗祐)","Support","Taiwan"
"Memento","Jonas Elmarghichi","Jungle","Sweden"
"Memory","Yang Ju-Bao (杨聚宝)","Top","China"
"Meron","Kiichi Watanabe","AD","Japan"
"Meteos","William Hartman","Jungle","USA"
"Mexilew","Martin Lew","AD","Singapore"
"MiT","Gabriel Souza","Coach","Brazil"
"MicaO","Micael Rodrigues","AD","Brazil"
"Mickey","Son Young-min (손영민)","Mid","South Korea"
"Midbeast","Drew Timbs","Mid","Australia"
"Mightybear","Kim Min-su (김민수)","Jungle","South Korea"
"Mikyx","Mihael Mehle","Support","Slovenia"
"Minerva","Gustavo Alves","Jungle","Brazil"
"Minibestia","Jesús Coll","Support","Argentina"
"Minkywhale","An Viet Trinh","Top","Australia"
"Miracle (Lee Hyeon-beom)","Lee Hyeon-beom (이현범)","Coach","South Korea"
"Misfits (Jonathan Muñoz)","Jonathan Muñoz","AD","Chile"
"Mist","Hsu Kai-Yueh (許凱悅)","Top","Taiwan"
"Mithy","Alfonso Aguirre Rodríguez","Support","Spain"
"Mitty","Zhao Zhi-Ming (赵志铭)","Jungle","China"
"Mlxg","Liu Shi-Yu (刘世宇)","Jungle","China"
"Moon (Galen Holgate)","Galen Holgate","Jungle","USA"
"Moon (Gu-Yue Ze-Yu)","Gu-Yue Ze-Yu (古月泽宇)","AD","China"
"Mor","Zhang Hong-Wei (张洪伟)","Support","China"
"MorZB","Zhang Hong-Wei (张洪伟)","Support","China"
"Morning","Chen Kuan-Ting (陳冠廷)","Top","Taiwan"
"Mortred","Huang Zi-Kun (黄子坤)","Mid","China"
"Moss","Sorawat Boonphrom","Support","Thailand"
"Mountain","Xue Zhao-Hong (薛兆鴻)","Jungle","Taiwan"
"Mouse","Chen Yu-Hao (陈宇浩)","Top","China"
"Move","Kang Min-su (강민수)","Jungle","South Korea"
"MrRalleZ","Rasmus Skinneholm","AD","Denmark"
"Mueki","Kento Ojima","Mid","Japan"
"Mugoon","Ryo Sameshima","Mid","Japan"
"Mumus100","Szépvölgyi Márió","Top","Hungary"
"Muscle","Deniz Ünal","Jungle","Turkey"
"Mylon","Matheus Borges","Top","Brazil"
"Mystic","Jin Seong-jun (진성준)","AD","South Korea"
"NL","Hsiung Wen-An (熊汶銨)","AD","Taiwan"
"NaMei","Zhu Jia-Wen (朱佳文)","AD","China"
"Namakemono","Kazuki Asai","Mid","Japan"
"Nappon","Carlos Rücker","Jungle","Brazil"
"Nardeus","Tomáš Maršálek","AD","Czech Republic"
"Naru","Koray Bıçak","Mid","Turkey"
"NeeDlesS","Fernando López","Support","Mexico"
"Neiman","Sergey Lashevskiy","Jungle","Russia"
"Neki","Vinícius Ghilardi","Coach","Brazil"
"NerzhuL","Jorge Iván Meza","Support","Mexico"
"Never","Shih Hung-Yu (施竤宇)","Support","Taiwan"
"Newbie","Leandro Marcos","Support","Argentina"
"Nexus (Tung Tung)","Dong Tong (董童)","Top","Hong Kong"
"NicoThePico","Nicholas Korsgaard","Coach","Norway"
"Nicomando","Nicolás Beares","AD","Uruguay"
"NighT","Na Gun-woo (나건우)","Mid","South Korea"
"NikSar","Valentin Zimakov","AD","Russia"
"Ninja","Noh Geon-woo (노건우)","Mid","South Korea"
"Ninuo","Huang Jin-Long (黃金隆)","Top","Taiwan"
"Nipphu","Franco Funes","Top","Argentina"
"Nisbeth","Nicolai Nisbeth","Support","Denmark"
"NoFe","Jeong No-chul (정노철)","Coach","South Korea"
"NoNholy","Alexandr Ovchinnikov","Top","Russia"
"NoXiAK","Lewis Simon Felix","Support","Germany"
"Nororin","Naoki Niimi","AD","Japan"
"Nova (Motoyuki Yamanaka)","Motoyuki Yamanaka","Top","Japan"
"Nuclear","Sin Jeong-hyeon (신정현)","AD","South Korea"
"Nukeduck","Erlend Våtevik Holm","Mid","Norway"
"Nyph","Patrick Funke","Coach","Germany"
"Oceans11","Tobias Randy Varianto","Top","Indonesia"
"Oddie","Sebastián Niño","Jungle","Peru"
"Odoamne","Andrei Pascu","Top","Romania"
"Ohq","Oh Gyu-min (오규민)","AD","South Korea"
"Olleh","Kim Joo-sung (김주성)","Support","South Korea"
"Omni","Thomas Trinh Dung","Mid","New Caledonia"
"Otto","Hou Guo-Yu (侯国玉)","Mid","China"
"Otto (Otávio Rodrigues)","Otávio Rodrigues","Coach","Brazil"
"OzoraVeki","Poon Kok Sing (潘国昇)","Mid","Malaysia"
"PaSa","Lo Hung Sing (羅鴻盛)","Mid","Hong Kong"
"Pacman","Zach Bayne","Top","New Zealand"
"Padden","Ege Acar","AD","Turkey"
"PandaPaws","David Chua","Mid","Singapore"
"Panky (Uğur Taş)","Uğur Taş","Top","Turkey"
"Paradise","Zhi Xiao (植晓)","Top","China"
"Parang","Lee Sang-won (이상원)","Top","South Korea"
"Paranoia","Ivan Tipuhov","Mid","Ukraine"
"Parth","Parth Naidu","Coach","USA"
"PawN","Heo Won-seok (허원석)","Mid","South Korea"
"Payne","Tai Hao-Chuan (戴浩全)","AD","Taiwan"
"Paz","Shirou Sasaki","Top","Japan"
"Pbo","Pablo Yuri","AD","Brazil"
"Peanut","Yoon Wang-ho (윤왕호)","Jungle","South Korea"
"Peco","Yu Rui (喻瑞)","AD","China"
"PentaQ","Xu Ming-Shu (徐铭枢)","AD","China"
"PerkZ","Luka Perković","Mid","Croatia"
"Phantiks","Richard Su","Mid","Australia"
"Phoenix (Yehezkiel Patric)","Yehezkiel Patric","Jungle","Indonesia"
"Picoca","Matheus Tavares","Support","Brazil"
"Piglet","Chae Gwang-jin (채광진)","AD","South Korea"
"Pilot","Na Woo-hyung (나우형)","AD","South Korea"
"Pirean","Choi Jun-sik (최준식)","Mid","South Korea"
"Piroxz","Luis Chavez","Coach","Brazil"
"Piter Pokir","Victor Pachkunov","Mid","Russia"
"Plugo","Joaquín Pérez","Mid","Chile"
"Pobelter","Eugene Park","Mid","USA"
"Pokka","Hartanto Pokka","Mid","Indonesia"
"Police","Park Hyeong-gi (박형기)","AD","South Korea"
"Pony","Mo Ka Wah (巫家華)","Jungle","Hong Kong"
"Porky (Gerardo Cuamea)","Gerardo Cuamea","Top","Mexico"
"PowerOfEvil","Tristan Schrage","Mid","Germany"
"Poysanity","Jesse Florence Hieras","Support","Philippines"
"Pr0lly","Neil Hammad","Coach","USA"
"PraY","Kim Jong-in (김종인)","AD","South Korea"
"Praedyth","Mark Lewis","Top","Australia"
"Prashant","Tomás Sosa","Top","Venezuela"
"Pride (Franco Sanzana)","Franco Sanzana","Top","Chile"
"Primoo","Nicolás González","Mid","Chile"
"Procxin","Kim Se-young (김세영)","Jungle","South Korea"
"Prodigy","Agustín Juárez","AD","Argentina"
"Professor","Matheus Leirião","Support","Brazil"
"Punished","Li Yuan-Hui (李元辉)","Mid","China"
"Punisher","Nikita Lavrinov","Jungle","Russia"
"Pure","Kim Jin-sun (김진선)","Support","South Korea"
"PvPStejos","Alexander Glazkov","Jungle","Ukraine"
"Pyl","Chen Bo (陈博)","Support","China"
"QQMore","Diego Apablaza","Jungle","Chile"
"Qaspiel","Eric Sia Sze Pin","Jungle","Malaysia"
"Quaker","Nicolás Lagos","Jungle","Chile"
"Quakerr","Nicolás Lagos","Jungle","Chile"
"Quan","Zhu Yong-Quan (朱永权)","Jungle","China"
"Quas","Diego Ruiz","Top","Venezuela"
"Ques","Roman Generalov","Top","Russia"
"RD","Liang Teng-Li (梁騰勵)","AD","Taiwan"
"REFRA1N","Chen Kuan-Ting (陳冠廷)","Jungle","Taiwan"
"RF Legendary","Oleksii Kuziuta","Top","Ukraine"
"RYmeister","Jason Ryan","Mid","Australia"
"Rabbit97","He Zhi-Hong (何志鸿)","Jungle","China"
"Rabi2","Su Chien-Wen (蘇建文)","AD","Taiwan"
"Raes","Quin Korebrits","AD","New Zealand"
"Raid","Julian Skordos","AD","Australia"
"Rain (An Hyeong-uk)","An Hyeong-uk","AD","South Korea"
"Rain (Liu Min-Hung)","Liu Min-Hung (劉玟宏)","Support","Taiwan"
"Raintear","Rain Shang","Top",
"Raise","Oh Ji-hwan (오지환)","Support","South Korea"
"Raison","Jeong Soo-bin (정수빈)","AD","South Korea"
"Rakin","Rafael Knittel","Mid","Brazil"
"Rakyz","Vicente Trautmann","Mid","Chile"
"Ranger","Filipe Brombilla","Top","Brazil"
"Raphael","Ko Jae-hyun (고재현)","Mid","South Korea"
"Rapid","Jeff McColony","Mid","Curaçao"
"RapidStar","Jung Min-sung (정민성)","Coach","South Korea"
"Raps","Aaron Tran","AD","Australia"
"Rare","Taner Levendoğlu","Top","Turkey"
"Rawbin","Robin Eggenberger","Jungle","Sweden"
"Rawbin IV","Robin Eggenberger","Jungle","Sweden"
"Raxxo","Oskar Bazydło","Support","Poland"
"Ray","Jeon Ji-won (전지원)","Top","South Korea"
"Raydere","Derek Trang","AD","Australia"
"Raz","Barento Mohammed","Coach","Canada"
"Reach (Lee Joo-won)","Lee Joo-won (이주원)","Jungle","South Korea"
"React","Mert Gül","Mid","Turkey"
"Reapered","Bok Han-gyu (복한규)","Coach","South Korea"
"RedBert","Ygor Freitas","Support","Brazil"
"Regi","Juan Cruz Curto","Mid","Argentina"
"Reginald","Andy Dinh","Coach","USA"
"Regret9","Curtis Schembri","Support","Australia"
"Reignover","Kim Yeu-jin (김의진)","Jungle","South Korea"
"Reje","Victor Etlar Eriksen","AD","Denmark"
"Rekkles","Martin Larsson","AD","Sweden"
"Remi","Maria Creveling","Support","USA"
"Republic","Bong Geun-tae (봉근태)","Mid","South Korea"
"Resu","Sergei Ursulov","Top","Russia"
"Revanche","Hakan İşlek","AD","Turkey"
"Revive (Daniel Tan)","Daniel Tan","Top","Singapore"
"Revolta","Gabriel Henud","Jungle","Brazil"
"RhOm","Alex Chipana","Mid","Peru"
"RhythmAsalt","Masaya Yamauchi","AD","Japan"
"Rins","Shen Po-Ju (沈伯儒)","Top","Taiwan"
"Rippii","Nathan Mott","Jungle","Australia"
"Ritix","Rytis Lekstutis","AD","Lithuania"
"Rkp","Rikiya Yuasa","AD","Japan"
"Roach","Kim Kang-hui (김강희)","Top","South Korea"
"Road","Yun Han-gil (윤한길)","Support","South Korea"
"Robo","Leonardo Souza","Top","Brazil"
"Rogu","Burak Eryol","Support","Turkey"
"Rogue (Jake Sharwood)","Jake Sharwood","Support","Australia"
"Rokenia","Jun Young-dae (전영대)","Mid","South Korea"
"Roki","Hiroki Yokoo","Mid","Japan"
"Romantic","Zhang Cheng (张成)","AD","China"
"RooKie","Song Eui-jin (송의진)","Mid","South Korea"
"Rookie","Song Eui-jin (송의진)","Mid","South Korea"
"Rosey","Andrew Rose","Support","Australia"
"Row","Hoàng Duy Phương","Top","Vietnam"
"RubeN","Ruben Sutanto","Top","Indonesia"
"Rudy","Rudy Beltran","Jungle","Sweden"
"Ruler","Park Jae-hyuk (박재혁)","AD","South Korea"
"Rush","Lee Yoon-jae (이윤재)","Jungle","South Korea"
"Ruvelius","Mustafa Berk Baraklı","AD","Turkey"
"Ryavka","Yusuke Hagimoto","Support","Japan"
"Rydle","Fernando Soria","Support","Spain"
"Ryoo","Ryoo Tae-hyung (류태형)","Top","South Korea"
"Ryu","Yoo Sang-wook (유상욱)","Mid","South Korea"
"S0NSTAR","Son Seung-ik (손승익)","AD","South Korea"
"S1mLz","Han Jin (韩金)","AD","China"
"SOAZ","Paul Boyer","Top","France"
"SOUPerior","Calvin Yang Quok Vern","Support","Malaysia"
"SSol","Seo Jin-sol (서진솔)","AD","South Korea"
"SZ","Daniel Gomes","AD","Brazil"
"SaNTaS","Aleksandr Lifashin","Support","Russia"
"SaSin","Oh Seung-ju (오y주)","Mid","South Korea"
"SaZeD","Fabian Kehr","Support","Germany"
"SacyR","Gustavo Rossi","AD","Brazil"
"Safir","Karim Tokhi","AD","Afghanistan"
"Saintvicious","Brandon DiMarco","Coach","USA"
"Sangyoon","Gwon Sang-yun (권상윤)","AD","South Korea"
"Santorin","Lucas Tao Kilmer Larsen","Jungle","Denmark"
"Sask","Zhou Yi-Xiang (周翼翔)","Mid","China"
"Saulius","Saulius Lukošius","Mid","Lithuania"
"Save","Baek Young-jin (백영진)","Top","South Korea"
"Savoki","Jin Hao (金灏)","Support","China"
"SazaHu","Lee Dong-hyun (이동현)","Top","South Korea"
"Scarface","Daniel Aitbelkacem","Top","Germany"
"Scenery","Yan Hong (颜宏)","Jungle","China"
"Score","Go Dong-bin (고동빈)","Jungle","South Korea"
"Scout","Lee Ye-chan (이예찬)","Mid","South Korea"
"Seb","Sebastian de Ceglie","Jungle","Italy"
"Seboo","Sebastián Reyna","Top","Mexico"
"Secret","Park Ki-sun (박기선)","Support","South Korea"
"Sedrion","Tarik Holz","AD","Germany"
"Seiya","Édgar Bracamontes","AD","Mexico"
"Sek","Jakkid Kinbai","Top","Thailand"
"Selfie","Marcin Wolski","Mid","Poland"
"Sencux","Chres Laursen","Mid","Denmark"
"SeongHwan","Yoon Seong-hwan (윤성환)","Jungle","South Korea"
"Seraph","Shin Woo-yeong (신우영)","Top","South Korea"
"Serick","Masato Hidaka","Jungle","Japan"
"Sharp","Curtis Morgan","Top","Australia"
"Shaunz","Kévin Ghanbarzadeh","Coach","France"
"Sheepy","Fabian Mallant","Coach","Germany"
"Shinmori","Sho Shinmori","Mid","Japan"
"Shiphtur","Danny Le","Mid","Canada"
"Shook","Ilyas Hartsema","Jungle","Netherlands"
"Shrimp","Lee Byeong-hoon (이병훈)","Jungle","South Korea"
"Shy","Park Sang-myeon (박상면)","Top","South Korea"
"Sigma","Brent de Laet","Jungle","Belgium"
"SirT","Thúlio Carlos","Jungle","Brazil"
"Skash","Arthur Ermolaev","Support","Russia"
"SkuLL","Gary Ng (吳國玟)","Support","Hong Kong"
"Skwiggle","Elliot Charters","Top","Australia"
"Sky (Kim Ha-neul)","Kim Ha-neul (김하늘)","Mid","South Korea"
"SkyBart","Mateus Neves","Top","Brazil"
"Skyer","Felipe Gimenes","AD","Brazil"
"Slooshi","Andrew Pham","Mid","USA"
"Slow","Eduardo Garcés","Support","Chile"
"Smeb","Song Kyung-ho (송경호)","Top","South Korea"
"Smittyj","Lennart Warkus","Top","Germany"
"Smlz","Han Jin (韩金)","AD","China"
"Smoothie","Andy Ta","Support","Canada"
"Smurf (Dmitri Ivanov)","Dmitri Ivanov","Top","Russia"
"Sneaky","Zachary Scuderi","AD","USA"
"Snoopy (Yang Yo-myong)","Yang Yo-myong (양요명)","Mid","South Korea"
"SnowFlower","No Hoi-jong (노회종)","Support","South Korea"
"Snowlz","Guilherme Neves","Jungle","Brazil"
"SoHwan","Kim Jun-yeong (김준영)","Top","South Korea"
"SoaR","Lee Gang-pyo (이강표)","Top","South Korea"
"SofM","Lê Quang Duy","Jungle","Vietnam"
"SolidSnake","Diego Vallejo","Jungle","Peru"
"Solo (Colin Earnest)","Colin Earnest","Top","USA"
"Soren (Carlos Ibarra)","Carlos Ibarra","Support","Mexico"
"Soul (Seo Hyeon-seok)","Seo Hyeon-seok (서현석)","Top","South Korea"
"Soul (Zhou Feng)","Zhou Feng (周枫)","Support","China"
"SoulStrikes","Luchio Park","Jungle","South Korea"
"SpeaR","Chen Yi-Chung (陳奕中)","Jungle","Taiwan"
"Spirit","Lee Da-yoon (이다윤)","Jungle","South Korea"
"Spookz","Samuel Broadley","Jungle","Australia"
"Spotted","Carlos Ibáñez","AD","Chile"
"Sprattel","Hampus Abrahamsson","Support","Sweden"
"Squidgy","Alex Trott","AD","Australia"
"Ssumday","Kim Chan-ho (김찬호)","Top","South Korea"
"StarForgerZak","Dmitrii Kulkin","Top","Russia"
"Stark (Jason Au)","Jason Au","AD","Australia"
"Starscream","Valentin Zimakov","AD","Russia"
"Stealthix","Nicholas Tian","AD","Australia"
"Steeelback","Pierre Medjaldi","AD","France"
"Steve (Etienne Michels)","Etienne Michels","Top","France"
"Stierlitz","Maxim Isaev","AD","Russia"
"Stitch","Lee Seung-ju (이승주)","AD","South Korea"
"Stixxay","Trevor Hayes","AD","USA"
"Stomaged","Furkan Güngör","Jungle","Turkey"
"Straawbella","Isabella Chan","Support","Australia"
"Stunt","William Chen","Support","USA"
"Styz","Qu Zi-Liang (屈梓良)","AD","China"
"SuEz","Zeus Lee","Jungle","Philippines"
"Suki","Hsieh Ming-Hsuan (謝名軒)","Support","Taiwan"
"Survivalone","Christopher Yin","Top","Guadeloupe"
"SuwaKo","Tsou Wei-Yang (鄒惟洋)","Mid","Taiwan"
"Svenskeren","Dennis Johnsen","Jungle","Denmark"
"Svikter","Viktor Lindén","Jungle","Sweden"
"Swanepoel","Doğu Yavuz","Support","Turkey"
"Sweet (Lee Eun-teak)","Lee Eun-teak (이은택)","Support","South Korea"
"Swiffer","Simon Papamarkos","Mid","Australia"
"Swift","Baek Da-hoon (백다훈)","Jungle","South Korea"
"Swip3rR","Brandon Holland","Top","Australia"
"Swizzle","Shotaro Ikeda","AD","Japan"
"SwordArT","Hu Shuo-Chieh (胡碩傑)","Support","Taiwan"
"SwordArt","Hu Shuo-Chieh (胡碩傑)","Support","Taiwan"
"Sybol","Lachlan Civil","Jungle","Australia"
"Sybol (Lachlan Civil)","Lachlan Civil","Jungle","Australia"
"Symphony","Aleksey Tyunin","Jungle","Russia"
"Syuan","Chang Jen-Pu (張仁菩)","Top","Taiwan"
"TANK","Park Dan-won (박단원)","Mid","South Korea"
"Tabe","Wong Pak Kan (王柏勤)","Support","Hong Kong"
"Tabzz","Erik van Helvert","AD","Netherlands"
"TaeYeon","Rodrigo Panisa","AD","Brazil"
"Taizan","Lin Jing-Jia (鄭偉祥)","Jungle","Taiwan"
"Takeshi","Murilo Alves","Mid","Brazil"
"Tally","James Shute","Top","Australia"
"Tallywhacka","James Shute","Top","Australia"
"Tamsu","John Somollo","Jungle","Philippines"
"Tarzán","Fernando Mora","Jungle","Mexico"
"Tauren","Igor Titov","AD","Russia"
"Tei","Suzuto Shimizu","Mid","Japan"
"Tempt","Kang Myung-gu (강명구)","Mid","South Korea"
"Terette","Yuji Mamiya","Support","Japan"
"Tgun","Bradley Seymour","Support","Australia"
"Thaldrin","Berke Demir","Top","Turkey"
"TheChupper","Kenny Marcelino","AD","Indonesia"
"TheFoxz","Renato de Souza","AD","Brazil"
"Theusma","Matheus Lima","AD","Brazil"
"ThintoN","Junya Matsuoka","Support","Japan"
"Thyak","Marcelo Ramones","Jungle","Mexico"
"Tierwulf","Sebastián Mateluna","Jungle","Chile"
"Time","Tang Jin-Tai (唐靖泰)","AD","China"
"TinOwns","Thiago Sartori","Mid","Brazil"
"Toaster","Augustas Ruplys","AD","Lithuania"
"Tockers","Gabriel Claumann","Mid","Brazil"
"Tomex","Tomás Alloatti","Support","Argentina"
"Tornell","Christoffer Tornell","Top","Sweden"
"Totoro","Eun Jong-seop (은종섭)","Support","South Korea"
"TrAce","Yeo Chang-dong (여창동)","Top","South Korea"
"Tracer","Joakim Torstensson","Jungle","Sweden"
"Transao","Rafael Mucidas","Coach","Brazil"
"Trashy","Jonas Andersen","Jungle","Denmark"
"Trick","Kim Gang-yun (김강윤)","Jungle","South Korea"
"Triple","Stephen Li","Mid","Australia"
"Trix","Mehmet Furkan Çoruk","Jungle","Turkey"
"Trixucator","Mehmet Furkan Çoruk","Jungle","Turkey"
"Tsu","Lê Anh Duy","Support","Vietnam"
"Turtle","Gabriel Peixoto","Jungle","Brazil"
"Tussle","Lee Moon-yong (이문용)","Jungle","South Korea"
"Ukkyr","Markus Leuemberger","Coach","Argentina"
"Un1tback","İshak Yılmaz","Support","Turkey"
"Unknown","Marcin Kubicki","Top","Poland"
"Unstop","Vitaly Pantak","AD","Russia"
"Untara","Park Ui-jin (박의진)","Top","South Korea"
"Uri","Uri Schölderle","Mid","Uruguay"
"Uzi (Jian Zi-Hao)","Jian Zi-Hao (简自豪)","AD","China"
"V","Bao Bo (鮑波)","Top","China"
"VandeR","Oskar Bogdan","Support","Poland"
"Vash","Guilherme Del Buono","Mid","Brazil"
"Vayn3z","Chen Han (陳翰)","Top","Taiwan"
"Verfix","Jorge Silveira","Support","Brazil"
"Veritas","Kim Kyoung-min (김경민)","AD","South Korea"
"Verto","Álvaro Martins","Top","Brazil"
"VincentVega","Egor Medvedev","AD","Russia"
"VirusFx","Guillermo Navarrete","AD","Mexico"
"Visdom","Benjamin Larsen","Support","Denmark"
"ViviD","Han Gi-hun (한기훈)","Support","South Korea"
"Vivy","Masaru Hatate","Jungle","Japan"
"Vizicsacsi","Kiss Tamás","Top","Hungary"
"Voltigore","Mauricio Gutiérrez","Top","Peru"
"Von","Gabriel Barbosa","Coach","Brazil"
"Voyna","Alex Halenko","AD","Ukraine"
"Wara","Fabián Llanos","Mid","Chile"
"Wardz","Jonathan Grispo","Jungle","Argentina"
"Warzone","Đoàn Văn Ngọc Sơn","Mid","Vietnam"
"We1less","Wei Zhen (韦朕)","Mid","China"
"Werlyb","Jorge Casanovas","Top","Spain"
"Westdoor","Liu Shu-Wei (劉書瑋)","Mid","Taiwan"
"Whatthejes","Soragit Buranathanasin","Support","Thailand"
"WhiteLotus","Matías Musso","AD","Argentina"
"Wickd","Mike Petersen","Top","Denmark"
"Wiffle","Steven Knights","Support","Australia"
"Wikko","Andrés Legarda","Jungle","Colombia"
"WildHeart","Roman Maximchyuk","Support","Ukraine"
"WildTurtle","Jason Tran","AD","Canada"
"Wind (Lai Chap Yin)","Lai Chap Yin (賴集賢)","Jungle","Hong Kong"
"Winged","Park Tae-jin (박태진)","Jungle","South Korea"
"Wisdom","Kim Tae-wan (김태완)","Jungle","South Korea"
"Wolf (Lee Jae-wan)","Lee Jae-wan (이재완)","Support","South Korea"
"World6","Chen Yu-Tian (陈裕添)","Jungle","China"
"Wos","Willyan Bonpam","Support","Brazil"
"Wraith","Kwon Ji-min (권지민)","Support","South Korea"
"Wrekt","Jesse Mikić","Mid","Australia"
"WuShuang","Wang Hai-Li (王海郦)","Jungle","China"
"Wulala","Liu Sheng-Wei (柳勝瑋)","Jungle","Taiwan"
"Wunder","Martin Hansen","Top","Denmark"
"Wunderwear","Martin Hansen","Top","Denmark"
"Wuxx","Wang Cheng (王城)","AD","China"
"Wzrd","Joshua Russell","Mid","Australia"
"X1u","Yu Jie (余捷)","Support","China"
"XDSMILEY","Ludvig Granquist","AD","Sweden"
"XPePii","Isaac Flores","Mid","Spain"
"XPeke","Enrique Cedeño Martínez","Coach","Spain"
"XQ","Li Ying-Jie (李英杰)","AD","China"
"XSWRD","Rubén Smith","Top","Panama"
"XUE","Xue Bo-Yun (薛博允)","Top","Taiwan"
"XY","Feng Yu-Xin (冯玉鑫)","Top","China"
"Xerxe","Andrei Dragomir","Jungle","Romania"
"XiaoLiang","Wu Liang-Te (吳亮德)","Top","Taiwan"
"Xiaohu","Li Yuan-Hao (李元浩)","Mid","China"
"Xiaoxi","Wei Li-Sheng (李盛维)","Jungle","China"
"Xiyang","Hu Bin (胡彬)","Top","China"
"Xiye","Su Han-Wei (苏汉伟)","Mid","China"
"Xmithie","Jake Puchero","Jungle","Philippines"
"Xpecial","Alex Chu","Support","USA"
"Xpng","Iván Ortíz","AD","Mexico"
"XuanXuanPi","Pi Xiao-Xuan (皮孝轩","AD","China"
"Xyraz","Gustav Blomkvist","Top","Sweden"
"Yaltz","Evandro de Cerqueira","Coach","Brazil"
"YamatoCannon","Jakob Mebdi","Coach","Sweden"
"Yang","Felipe Zhao","Top","Brazil"
"YellOwStaR","Bora Kim","Support","France"
"Yo","Fan Chih-Wei (范植威)","Jungle","Taiwan"
"YoDa (Felipe Noronha)","Felipe Noronha","Jungle","Brazil"
"Yolo","Jang Hyeon-su (장현수)","Jungle","South Korea"
"Yoshiaki","Yoshiaki Matsuura","Support","Japan"
"YoungBuck","Joey Steltenpool","Coach","Netherlands"
"Yu","Li Xin-Nan (李鑫男)","Jungle","China"
"Yue","Lu Tzu-Hsien (盧子賢)","Top","Taiwan"
"Yutapon","Yuta Sugiura","Top","Japan"
"YutoriMoyashi","Yuta Noguchi","AD","Japan"
"Yuzuki","Damian Tu","Support","Australia"
"ZZR","Zeng Zhan-Ran (曾湛然)","Jungle","China"
"Zahe","Michael Dunn","Jungle","Australia"
"Zancazor","Luqman Hakim","Jungle","Singapore"
"Zantins","Luccas Zanqueta","Top","Brazil"
"Zanzarah","Nikolay Akatov","Jungle","Russia"
"Zealot","Rodrigo Guerrero","AD","Chile"
"Zeicro","Juan Fierro","AD","Chile"
"Zeitnot","Berkay Aşıkuzun","AD","Turkey"
"Zentinel","Kevin Pires","Jungle","USA"
"Zergsting","Onur Ünalan","Support","Turkey"
"Zero (Yoon Kyung-sup)","Yoon Kyung-sup (윤경섭)","Support","South Korea"
"Zerost","Shotaro Ikeda","AD","Japan"
"Zeypher","Esteban Guzmán","AD","Colombia"
"Zig","Derek Shao","Top","Canada"
"Zikzlol","Tony Gray","Coach","USA"
"Ziriguidun","Pedro Vilarinho","Support","Brazil"
"Ziv (Chen Yi)","Chen Yi (陳奕)","Top","Taiwan"
"Zor","Wu Chu-Yung (吳居勇)","Mid","Taiwan"
"Zuao","João Vitor Morais","Jungle","Brazil"
"Zven","Jesper Svenningsen","AD","Denmark"
"Zvene","Simon Svensson","Top","Sweden"
"Zz1tai","Liu Zhi-Hao (刘志豪)","Top","China"
"Zzus","Jang Joon-soo (장준수)","Support","South Korea"
"lls","An Le","Top","USA"
"Âprox","Sezer Musluoğlu","Top","Turkey"
