Cloud9,NA,Bunny FuFuu
Cloud9,NA,Sneaky
Cloud9,NA,Reapered
Cloud9,NA,LemonNation
Cloud9,NA,Rush
Cloud9,NA,Meteos
Cloud9,NA,Impact
Cloud9,NA,Smoothie
Cloud9,NA,Jensen
Cloud9,NA,Hai
Counter Logic Gaming,NA,Aphromoo
Counter Logic Gaming,NA,Darshan
Counter Logic Gaming,NA,Huhi
Counter Logic Gaming,NA,Xmithie
Counter Logic Gaming,NA,Stixxay
Counter Logic Gaming,NA,Zikzlol
Echo Fox,NA,Kfo
Echo Fox,NA,Kez
Echo Fox,NA,Stunt
Echo Fox,NA,Ginko
Echo Fox,NA,Cop
Echo Fox,NA,Goldenglue
Echo Fox,NA,HeavenTime
Echo Fox,NA,BIG
Echo Fox,NA,KEITH
Echo Fox,NA,Solo (Colin Earnest)
Echo Fox,NA,Grigne
Echo Fox,NA,Froggen
Echo Fox,NA,LOD
Echo Fox,NA,Hard
Immortals,NA,Dylan
Immortals,NA,WildTurtle
Immortals,NA,Adrian
Immortals,NA,Huni
Immortals,NA,Pobelter
Immortals,NA,Reignover
NRG Esports,NA,Shrimp
NRG Esports,NA,GBM
NRG Esports,NA,Hermit
NRG Esports,NA,KonKwon
NRG Esports,NA,Moon (Galen Holgate)
NRG Esports,NA,Santorin
NRG Esports,NA,KiWiKiD
NRG Esports,NA,Quas
NRG Esports,NA,LOD
NRG Esports,NA,Ohq
NRG Esports,NA,Impact
NRG Esports,NA,Altec
Renegades,NA,Hermes (David Tu)
Renegades,NA,Alex Ich
Renegades,NA,Remi
Renegades,NA,Hakuho
Renegades,NA,Flaresz
Renegades,NA,Ninja
Renegades,NA,Crumbz
Renegades,NA,LOD
Renegades,NA,Ohq
Renegades,NA,Freeze
Renegades,NA,Seraph
Team Dignitas,NA,InnerFlame
Team Dignitas,NA,Shiphtur
Team Dignitas,NA,Apollo (Apollo Price)
Team Dignitas,NA,Raz
Team Dignitas,NA,Kirei
Team Dignitas,NA,KiWiKiD
Team Dignitas,NA,BillyBoss
Team Impulse,NA,Jason
Team Impulse,NA,Ken
Team Impulse,NA,Beibei
Team Impulse,NA,Procxin
Team Impulse,NA,Gate
Team Impulse,NA,Mash
Team Impulse,NA,Pirean
Team Impulse,NA,Seraph
Team Liquid,NA,FeniX
Team Liquid,NA,IWDominate
Team Liquid,NA,Matt
Team Liquid,NA,Lourlo
Team Liquid,NA,Moon (Galen Holgate)
Team Liquid,NA,Locodoco
Team Liquid,NA,Smoothie
Team Liquid,NA,Piglet
Team Liquid,NA,Fabbbyyy
Team Liquid,NA,Dardoch
Team SoloMid,NA,Jarge
Team SoloMid,NA,Reginald
Team SoloMid,NA,YellOwStaR
Team SoloMid,NA,Bjergsen
Team SoloMid,NA,Parth
Team SoloMid,NA,Hauntzer
Team SoloMid,NA,Doublelift
Team SoloMid,NA,Biofrost
Team SoloMid,NA,Svenskeren
Apex Gaming,NA,Shrimp
Apex Gaming,NA,Keane
Apex Gaming,NA,Saintvicious
Apex Gaming,NA,Xpecial
Apex Gaming,NA,Apollo (Apollo Price)
Phoenix1,NA,Zentinel
Phoenix1,NA,Brandini
Phoenix1,NA,Inori
Phoenix1,NA,Slooshi
Phoenix1,NA,Mash
Phoenix1,NA,Gate
Phoenix1,NA,Pirean
Phoenix1,NA,BonQuish
Phoenix1,NA,Charlie (Charlie Lipsie)
Team EnVyUs,NA,Miracle (Lee Hyeon-beom)
Team EnVyUs,NA,Procxin
Team EnVyUs,NA,Hakuho
Team EnVyUs,NA,Ninja
Team EnVyUs,NA,LOD
Elements,EU,Nyph
Elements,EU,Eika
Elements,EU,MrRalleZ
Elements,EU,Sprattel
Elements,EU,Gilius
Fnatic,EU,Kikis
Fnatic,EU,Deilor
Fnatic,EU,Febiven
Fnatic,EU,Rekkles
Fnatic,EU,Gamsu
Fnatic,EU,YellOwStaR
Fnatic,EU,NoXiAK
Fnatic,EU,Werlyb
Fnatic,EU,Klaj
Fnatic,EU,Spirit
G2 Esports,EU,Emperor
G2 Esports,EU,PerkZ
G2 Esports,EU,Kikis
G2 Esports,EU,Mithy
G2 Esports,EU,YoungBuck
G2 Esports,EU,Hybrid
G2 Esports,EU,Zven
G2 Esports,EU,Trick
G2 Esports,EU,Expect
Giants Gaming,EU,Smittyj
Giants Gaming,EU,Maxlore
Giants Gaming,EU,XPePii
Giants Gaming,EU,Hustlin
Giants Gaming,EU,S0NSTAR
Giants Gaming,EU,G0DFRED
Giants Gaming,EU,Adryh
Giants Gaming,EU,Lozark
Giants Gaming,EU,K0u
Giants Gaming,EU,BetongJocke
Giants Gaming,EU,NighT
Giants Gaming,EU,Wisdom
H2k-Gaming,EU,Pr0lly
H2k-Gaming,EU,Jankos
H2k-Gaming,EU,VandeR
H2k-Gaming,EU,Selfie
H2k-Gaming,EU,FORG1VEN
H2k-Gaming,EU,Freeze
H2k-Gaming,EU,Ryu
H2k-Gaming,EU,Odoamne
Origen,EU,PowerOfEvil
Origen,EU,Toaster
Origen,EU,Mithy
Origen,EU,XPeke
Origen,EU,Bali
Origen,EU,FORG1VEN
Origen,EU,Hazel
Origen,EU,Hybrid
Origen,EU,Zven
Origen,EU,SOAZ
Origen,EU,NicoThePico
Origen,EU,Amazing (Maurice Stückenschneider)
Origen,EU,Araneae
Splyce,EU,Sencux
Splyce,EU,Wunder
Splyce,EU,YamatoCannon
Splyce,EU,Kobbe
Splyce,EU,Mikyx
Splyce,EU,Trashy
Splyce,EU,Nisbeth
Team ROCCAT,EU,Parang
Team ROCCAT,EU,ImSoFresh
Team ROCCAT,EU,Memento
Team ROCCAT,EU,Betsy
Team ROCCAT,EU,Raise
Team ROCCAT,EU,Tabzz
Team ROCCAT,EU,NoXiAK
Team ROCCAT,EU,Airwaks
Team ROCCAT,EU,Edward
Team ROCCAT,EU,Extinkt
Team ROCCAT,EU,GrabbZ
Team ROCCAT,EU,Steeelback
Team ROCCAT,EU,Safir
Team Vitality,EU,Shook
Team Vitality,EU,Shaunz
Team Vitality,EU,Reje
Team Vitality,EU,KaSing
Team Vitality,EU,Nukeduck
Team Vitality,EU,Police
Team Vitality,EU,Mightybear
Team Vitality,EU,Hjärnan
Team Vitality,EU,Cabochard
Unicorns Of Love,EU,Exileh
Unicorns Of Love,EU,Veritas
Unicorns Of Love,EU,Djoko
Unicorns Of Love,EU,Diamondprox
Unicorns Of Love,EU,Hylissang
Unicorns Of Love,EU,Sheepy
Unicorns Of Love,EU,Vizicsacsi
Unicorns Of Love,EU,Fox
Unicorns Of Love,EU,Steeelback
Unicorns Of Love,EU,Loulex
Unicorns Of Love,EU,Move
Unicorns Of Love,EU,Rudy
FC Schalke 04,EU,Nyph
FC Schalke 04,EU,MrRalleZ
FC Schalke 04,EU,Sprattel
FC Schalke 04,EU,Fox
FC Schalke 04,EU,Gilius
EDward Gaming,LPL,Koro1
EDward Gaming,LPL,Scout
EDward Gaming,LPL,Mouse
EDward Gaming,LPL,Clearlove
EDward Gaming,LPL,RapidStar
EDward Gaming,LPL,Deft
EDward Gaming,LPL,Fireloli
EDward Gaming,LPL,PawN
EDward Gaming,LPL,Athena
EDward Gaming,LPL,Meiko
Energy Pacemaker.All,LPL,Romantic
Energy Pacemaker.All,LPL,Rabbit97
Energy Pacemaker.All,LPL,Moon (Gu-Yue Ze-Yu)
Energy Pacemaker.All,LPL,JieZou
Energy Pacemaker.All,LPL,Soul (Zhou Feng)
Energy Pacemaker.All,LPL,Crisis
Energy Pacemaker.All,LPL,Republic
Hyper Youth Gaming,LPL,X1u
Hyper Youth Gaming,LPL,Chimin
Hyper Youth Gaming,LPL,March
Hyper Youth Gaming,LPL,Gosu
Hyper Youth Gaming,LPL,XQ
Invictus Gaming,LPL,Save
Invictus Gaming,LPL,Baolan
Invictus Gaming,LPL,Rain (An Hyeong-uk)
Invictus Gaming,LPL,Zz1tai
Invictus Gaming,LPL,Kid
Invictus Gaming,LPL,Ben
Invictus Gaming,LPL,Time
Invictus Gaming,LPL,Marge
Invictus Gaming,LPL,Tabe
Invictus Gaming,LPL,Kitties
Invictus Gaming,LPL,Rookie
Invictus Gaming,LPL,RooKie
LGD Gaming,LPL,Acorn
LGD Gaming,LPL,Xiaoxi
LGD Gaming,LPL,MaRin
LGD Gaming,LPL,Punished
LGD Gaming,LPL,Eimy
LGD Gaming,LPL,1ntruder
LGD Gaming,LPL,Pyl
LGD Gaming,LPL,Jinoo
LGD Gaming,LPL,Imp
LGD Gaming,LPL,We1less
LGD Gaming,LPL,Yu
Masters 3,LPL,Raphael
Masters 3,LPL,Scenery
Masters 3,LPL,Savoki
Masters 3,LPL,Lazarus
Masters 3,LPL,City
Masters 3,LPL,Yolo
Masters 3,LPL,PentaQ
Oh My God,LPL,Xiyang
Oh My God,LPL,S1mLz
Oh My God,LPL,World6
Oh My God,LPL,Smlz
Oh My God,LPL,Bei
Oh My God,LPL,Memory
Oh My God,LPL,Juejue
Oh My God,LPL,Icon
Oh My God,LPL,Quan
Oh My God,LPL,5
Oh My God,LPL,Luo (Luo Ci-rui)
Oh My God,LPL,Cool
Oh My God,LPL,FishBall
Qiao Gu Reapers,LPL,BoriSal
Qiao Gu Reapers,LPL,Peco
Qiao Gu Reapers,LPL,Uzi (Jian Zi-Hao)
Qiao Gu Reapers,LPL,Doinb
Qiao Gu Reapers,LPL,Swift
Qiao Gu Reapers,LPL,Mor
Qiao Gu Reapers,LPL,Mortred
Royal Never Give Up,LPL,InSec
Royal Never Give Up,LPL,Xiaohu
Royal Never Give Up,LPL,Mlxg
Royal Never Give Up,LPL,LetMe
Royal Never Give Up,LPL,Sask
Royal Never Give Up,LPL,Uzi (Jian Zi-Hao)
Royal Never Give Up,LPL,Fly (Kim Sang-chul)
Royal Never Give Up,LPL,LeY
Royal Never Give Up,LPL,Looper
Royal Never Give Up,LPL,Wuxx
Royal Never Give Up,LPL,NaMei
Royal Never Give Up,LPL,Mata
Snake Esports,LPL,SofM
Snake Esports,LPL,Jiezou
Snake Esports,LPL,ZZR
Snake Esports,LPL,Flandre
Snake Esports,LPL,Ella
Snake Esports,LPL,TANK
Snake Esports,LPL,Martin (Tan Qi)
Snake Esports,LPL,KRYST4L
Team WE,LPL,957
Team WE,LPL,Mystic
Team WE,LPL,Xiye
Team WE,LPL,Condi
Team WE,LPL,Zero (Yoon Kyung-sup)
Vici Gaming,LPL,DanDy
Vici Gaming,LPL,Easyhoon
Vici Gaming,LPL,Dandy
Vici Gaming,LPL,XuanXuanPi
Vici Gaming,LPL,Loong
Vici Gaming,LPL,CaveMan
Vici Gaming,LPL,Endless
Game Talents,LPL,WuShuang
Game Talents,LPL,Savoki
Game Talents,LPL,City
Game Talents,LPL,PentaQ
Game Talents,LPL,Republic
I May,LPL,AmazingJ
I May,LPL,Baeme
I May,LPL,Mitty
I May,LPL,Jinjiao
I May,LPL,BaeMe
I May,LPL,Kezman
I May,LPL,Road
I May,LPL,Athena
I May,LPL,Avoidless
Newbee,LPL,MorZB
Newbee,LPL,Dade
Newbee,LPL,HappyY
Newbee,LPL,Swift
Saint Gaming,LPL,X1u
Saint Gaming,LPL,Chimin
Saint Gaming,LPL,Maidong
Saint Gaming,LPL,Otto
Saint Gaming,LPL,March
Saint Gaming,LPL,Styz
Saint Gaming,LPL,Snoopy (Yang Yo-myong)
Saint Gaming,LPL,Captain (Sun Yu-Ze)
Saint Gaming,LPL,XQ
Afreeca Freecs,LCK,Ikssu
Afreeca Freecs,LCK,Mickey
Afreeca Freecs,LCK,Lindarang
Afreeca Freecs,LCK,Sangyoon
Afreeca Freecs,LCK,LirA
Afreeca Freecs,LCK,SnowFlower
Afreeca Freecs,LCK,SeongHwan
CJ Entus,LCK,Shy
CJ Entus,LCK,Bdd
CJ Entus,LCK,Bubbling
CJ Entus,LCK,Sky (Kim Ha-neul)
CJ Entus,LCK,MadLife
CJ Entus,LCK,Ghost (Jang Yong-jun)
CJ Entus,LCK,Haru
CJ Entus,LCK,Untara
CJ Entus,LCK,Kramer
Jin Air Green Wings,LCK,Chei
Jin Air Green Wings,LCK,TrAce
Jin Air Green Wings,LCK,Sweet (Lee Eun-teak)
Jin Air Green Wings,LCK,SoHwan
Jin Air Green Wings,LCK,Blanc
Jin Air Green Wings,LCK,Kuzan
Jin Air Green Wings,LCK,Pilot
Jin Air Green Wings,LCK,Winged
Kongdoo Monster,LCK,SSol
Kongdoo Monster,LCK,Crush
Kongdoo Monster,LCK,GuGer
Kongdoo Monster,LCK,Edge
Kongdoo Monster,LCK,Roach
KT Rolster,LCK,Ssumday
KT Rolster,LCK,Score
KT Rolster,LCK,Arrow
KT Rolster,LCK,IgNar
KT Rolster,LCK,Fly (Song Yong-jun)
KT Rolster,LCK,Hachani
Longzhu Gaming,LCK,Crash
Longzhu Gaming,LCK,Fury (Lee Jin-yong)
Longzhu Gaming,LCK,Emperor
Longzhu Gaming,LCK,Pure
Longzhu Gaming,LCK,Flame
Longzhu Gaming,LCK,Chaser
Longzhu Gaming,LCK,Coco
Longzhu Gaming,LCK,Cpt Jack
Longzhu Gaming,LCK,Frozen
Longzhu Gaming,LCK,Expession
Longzhu Gaming,LCK,Zzus
ROX Tigers,LCK,PraY
ROX Tigers,LCK,Peanut
ROX Tigers,LCK,Cry
ROX Tigers,LCK,Kuro
ROX Tigers,LCK,Smeb
ROX Tigers,LCK,NoFe
ROX Tigers,LCK,GorillA
Samsung Galaxy,LCK,Ambition
Samsung Galaxy,LCK,Crown
Samsung Galaxy,LCK,Stitch
Samsung Galaxy,LCK,Helper
Samsung Galaxy,LCK,CoreJJ
Samsung Galaxy,LCK,Wraith
Samsung Galaxy,LCK,Edgar
Samsung Galaxy,LCK,CuVee
Samsung Galaxy,LCK,Ruler
SBENU Sonicboom,LCK,Flawless
SBENU Sonicboom,LCK,SaSin
SBENU Sonicboom,LCK,Nuclear
SBENU Sonicboom,LCK,Soul (Seo Hyeon-seok)
SBENU Sonicboom,LCK,Secret
SK Telecom T1,LCK,Bang
SK Telecom T1,LCK,Faker
SK Telecom T1,LCK,Bengi
SK Telecom T1,LCK,Scout
SK Telecom T1,LCK,Blank
SK Telecom T1,LCK,Wolf (Lee Jae-wan)
SK Telecom T1,LCK,KkOma
SK Telecom T1,LCK,Duke
ESC Ever,LCK,Bless
ESC Ever,LCK,LokeN
ESC Ever,LCK,Firetrap
ESC Ever,LCK,Totoro
ESC Ever,LCK,Key
ESC Ever,LCK,Tempt
MVP,LCK,MaHa
MVP,LCK,Beyond (Kim Kyu-seok)
MVP,LCK,Max (Jeong Jong-bin)
MVP,LCK,Ian
ahq e-Sports Club,LMS,Albis
ahq e-Sports Club,LMS,Ziv (Chen Yi)
ahq e-Sports Club,LMS,Westdoor
ahq e-Sports Club,LMS,AN
ahq e-Sports Club,LMS,BayBay
ahq e-Sports Club,LMS,RD
ahq e-Sports Club,LMS,Chawy
ahq e-Sports Club,LMS,GreenTea
ahq e-Sports Club,LMS,Mountain
Cougar E-Sport,LMS,KuKu
Cougar E-Sport,LMS,Rabi2
Cougar E-Sport,LMS,SpeaR
Cougar E-Sport,LMS,Never
Cougar E-Sport,LMS,Melon (Tsai Tsung-Yu)
Cougar E-Sport,LMS,XUE
Cougar E-Sport,LMS,Syuan
Cougar E-Sport,LMS,CandyBB
eXtreme Gamers,LMS,Suki
eXtreme Gamers,LMS,Pony
eXtreme Gamers,LMS,SuwaKo
eXtreme Gamers,LMS,LBB
eXtreme Gamers,LMS,Mist
eXtreme Gamers,LMS,Nexus (Tung Tung)
eXtreme Gamers,LMS,Yo
Flash Wolves,LMS,SwordArT
Flash Wolves,LMS,Breeze
Flash Wolves,LMS,MMD
Flash Wolves,LMS,Maple (Huang Yi-Tang)
Flash Wolves,LMS,Rins
Flash Wolves,LMS,Fluidwind
Flash Wolves,LMS,NL
Flash Wolves,LMS,Karsa
Flash Wolves,LMS,SwordArt
Hong Kong Esports,LMS,Chillyz
Hong Kong Esports,LMS,Raison
Hong Kong Esports,LMS,MarS
Hong Kong Esports,LMS,GodKwai
Hong Kong Esports,LMS,XiaoLiang
Hong Kong Esports,LMS,Olleh
Hong Kong Esports,LMS,Gear
Hong Kong Esports,LMS,Rokenia
Hong Kong Esports,LMS,MapleSnow
Hong Kong Esports,LMS,DinTer
Hong Kong Esports,LMS,Wind (Lai Chap Yin)
Machi E-Sports,LMS,Dreamer
Machi E-Sports,LMS,BoBo (Wang You-Lin)
Machi E-Sports,LMS,Vayn3z
Machi E-Sports,LMS,Dee
Machi E-Sports,LMS,Taizan
Machi E-Sports,LMS,Apex (Hsieh Chia-Wei)
Machi E-Sports,LMS,Breaker
Machi E-Sports,LMS,PaSa
Midnight Sun Esports,LMS,CorGi
Midnight Sun Esports,LMS,SkuLL
Midnight Sun Esports,LMS,Payne
Midnight Sun Esports,LMS,M1ssion
Midnight Sun Esports,LMS,Kaiwing
Midnight Sun Esports,LMS,Wulala
Midnight Sun Esports,LMS,Ninuo
Taipei Assassins,LMS,Yue
Taipei Assassins,LMS,Achie
Taipei Assassins,LMS,FoFo
Taipei Assassins,LMS,Jay
Taipei Assassins,LMS,REFRA1N
Taipei Assassins,LMS,Bebe (Chang Bo-Wei)
Taipei Assassins,LMS,Lilv
J Team,LMS,FoFo
J Team,LMS,REFRA1N
J Team,LMS,BeBe (Chang Bo-Wei)
J Team,LMS,Jay
Team Mist,LMS,Rain (Liu Min-Hung)
Team Mist,LMS,Breeze
Team Mist,LMS,K
Team Mist,LMS,Benny (Lien Hsiu-Chi)
Team Mist,LMS,Zor
Bangkok Titans,GPL,007x
Bangkok Titans,GPL,G4
Bangkok Titans,GPL,Sek
Bangkok Titans,GPL,Lloyd
Bangkok Titans,GPL,InTreso
Bangkok Titans,GPL,Moss
Bangkok Titans,GPL,Whatthejes
Imperium Pro Team,GPL,Light
Imperium Pro Team,GPL,Poysanity
Imperium Pro Team,GPL,SuEz
Imperium Pro Team,GPL,H4T3
Kanaya Gaming,GPL,Andree
Kanaya Gaming,GPL,RubeN
Kanaya Gaming,GPL,Pokka
Kanaya Gaming,GPL,Banana (Brian Hammock)
Kanaya Gaming,GPL,Phoenix (Yehezkiel Patric)
Kanaya Gaming,GPL,TheChupper
Kanaya Gaming,GPL,Oceans11
Kuala Lumpur Hunters,GPL,13Ghost
Kuala Lumpur Hunters,GPL,CO4
Kuala Lumpur Hunters,GPL,OzoraVeki
Kuala Lumpur Hunters,GPL,SOUPerior
Kuala Lumpur Hunters,GPL,CoolKitty
Kuala Lumpur Hunters,GPL,Qaspiel
Saigon Jokers,GPL,Lovida
Saigon Jokers,GPL,HanYiAn
Saigon Jokers,GPL,Jinkey
Saigon Jokers,GPL,Tsu
Saigon Jokers,GPL,Row
Saigon Jokers,GPL,Warzone
Saigon Jokers,GPL,Celebrity
Team Rigel,GPL,Zancazor
Team Rigel,GPL,Arkane
Team Rigel,GPL,Mexilew
Team Rigel,GPL,Arykelic
Team Rigel,GPL,PandaPaws
Acclaim EmpireX,GPL,Tamsu
Acclaim EmpireX,GPL,EndlessACE
Acclaim EmpireX,GPL,Jenvi
Acclaim EmpireX,GPL,KarlCulated
Vestigial,GPL,BBTY
Vestigial,GPL,Arykelic
Vestigial,GPL,Kra
Vestigial,GPL,Mexilew
Big Gods,CBLOL,RedBert
Big Gods,CBLOL,Dionrray
Big Gods,CBLOL,Rakin
Big Gods,CBLOL,Tierwulf
Big Gods,CBLOL,Luskka
CNB e-Sports Club,CBLOL,Nappon
CNB e-Sports Club,CBLOL,Wos
CNB e-Sports Club,CBLOL,Aoshi
CNB e-Sports Club,CBLOL,YoDa (Felipe Noronha)
CNB e-Sports Club,CBLOL,Djokovic
CNB e-Sports Club,CBLOL,TinOwns
CNB e-Sports Club,CBLOL,Minerva
CNB e-Sports Club,CBLOL,Pbo
CNB e-Sports Club,CBLOL,Vash
INTZ e-Sports,CBLOL,Revolta
INTZ e-Sports,CBLOL,Jockster
INTZ e-Sports,CBLOL,Abaxial
INTZ e-Sports,CBLOL,Yang
INTZ e-Sports,CBLOL,Tockers
INTZ e-Sports,CBLOL,MicaO
KaBuM! e-Sports,CBLOL,Verto
KaBuM! e-Sports,CBLOL,Verfix
KaBuM! e-Sports,CBLOL,Zuao
KaBuM! e-Sports,CBLOL,Galfi
KaBuM! e-Sports,CBLOL,Matsukaze
KaBuM! e-Sports,CBLOL,TinOwns
KaBuM! e-Sports,CBLOL,LEP
KaBuM! e-Sports,CBLOL,Danagorn
KaBuM! e-Sports,CBLOL,Ziriguidun
KaBuM! e-Sports,CBLOL,Minerva
KaBuM! e-Sports,CBLOL,Vash
Keyd Stars,CBLOL,Nappon
Keyd Stars,CBLOL,Verfix
Keyd Stars,CBLOL,Alocs
Keyd Stars,CBLOL,Turtle
Keyd Stars,CBLOL,EsA
Keyd Stars,CBLOL,Jukaah
Keyd Stars,CBLOL,Takeshi
Keyd Stars,CBLOL,Robo
Keyd Stars,CBLOL,Baiano
Operation Kino,CBLOL,Skyer
Operation Kino,CBLOL,Turtle
Operation Kino,CBLOL,Zuao
Operation Kino,CBLOL,Professor
Operation Kino,CBLOL,Von
Operation Kino,CBLOL,Theusma
Operation Kino,CBLOL,Goku
Operation Kino,CBLOL,EzPrince
Operation Kino,CBLOL,SkyBart
paiN Gaming,CBLOL,Kami
paiN Gaming,CBLOL,TheFoxz
paiN Gaming,CBLOL,TaeYeon
paiN Gaming,CBLOL,Mylon
paiN Gaming,CBLOL,MiT
paiN Gaming,CBLOL,BrTT
paiN Gaming,CBLOL,Ziriguidun
paiN Gaming,CBLOL,Picoca
paiN Gaming,CBLOL,Leko
paiN Gaming,CBLOL,SirT
RED Canids,CBLOL,Eryon
RED Canids,CBLOL,Ayel
RED Canids,CBLOL,Brucer
RED Canids,CBLOL,YoDa (Felipe Noronha)
RED Canids,CBLOL,Caos (Jonas Vriesman)
RED Canids,CBLOL,Neki
RED Canids,CBLOL,SacyR
RED Canids,CBLOL,Dioud
g3nerationX,CBLOL,Snowlz
g3nerationX,CBLOL,Skyer
g3nerationX,CBLOL,TaeYeon
g3nerationX,CBLOL,Alocs
g3nerationX,CBLOL,Transao
Dash9 Gaming,LAN,Ghinis
Dash9 Gaming,LAN,Lulos
Dash9 Gaming,LAN,Wikko
Dash9 Gaming,LAN,Nicomando
Galactic Gamers,LAN,Fr3deric
Galactic Gamers,LAN,1an
Galactic Gamers,LAN,NerzhuL
Galactic Gamers,LAN,Leza
Galactic Gamers,LAN,Easy (Brandon Doyle)
Galactic Gamers,LAN,Dickma
Galactic Gamers,LAN,Hydra
Galactic Gamers,LAN,Oddie
Galactic Gamers,LAN,Jin (Adrià Salabert)
Havoks Gaming,LAN,Xpng
Havoks Gaming,LAN,DCStar
Havoks Gaming,LAN,LiquidDiego
Havoks Gaming,LAN,Soren (Carlos Ibarra)
Lyon Gaming,LAN,Arce
Lyon Gaming,LAN,Thyak
Lyon Gaming,LAN,Jirall
Lyon Gaming,LAN,WhiteLotus
Lyon Gaming,LAN,Oddie
Lyon Gaming,LAN,Seiya
Lyon Gaming,LAN,Uri
Revenge eSports,LAN,Cygnüs
Revenge eSports,LAN,RhOm
Revenge eSports,LAN,Guishe
Revenge eSports,LAN,NeeDlesS
Revenge eSports,LAN,Quaker
Revenge eSports,LAN,FraGio
Revenge eSports,LAN,Iruga
Revenge eSports,LAN,Kenny (Bruno Córdova)
Tesla E-Sports,LAN,Bismal
Tesla E-Sports,LAN,Tarzán
Tesla E-Sports,LAN,Zeypher
Tesla E-Sports,LAN,ILove
BrawL eSports,LAN,Manu
BrawL eSports,LAN,Acerola
BrawL eSports,LAN,Prashant
BrawL eSports,LAN,Keoo
BrawL eSports,LAN,Rapid
Just Toys Havoks,LAN,DCStar
Just Toys Havoks,LAN,LiquidDiego
Just Toys Havoks,LAN,EvanRL
Just Toys Havoks,LAN,Minibestia
ZAGA Talent Gaming,LAN,SolidSnake
ZAGA Talent Gaming,LAN,VirusFx
ZAGA Talent Gaming,LAN,Master Jos
ZAGA Talent Gaming,LAN,GodDragon
Furious Gaming,LAS,Dinamox
Furious Gaming,LAS,Genthix
Furious Gaming,LAS,Prodigy
Furious Gaming,LAS,Gonto
Furious Gaming,LAS,Uri
Furious Gaming,LAS,Leko
Furious Gaming,LAS,Helior
Hafnet eSports,LAS,Otto (Otávio Rodrigues)
Hafnet eSports,LAS,Khynm
Hafnet eSports,LAS,Le Smart
Hafnet eSports,LAS,Wara
Hafnet eSports,LAS,Tomex
Hafnet eSports,LAS,Acce
Hafnet eSports,LAS,1984
Isurus Gaming,LAS,QQMore
Isurus Gaming,LAS,Newbie
Isurus Gaming,LAS,Zeicro
Isurus Gaming,LAS,Emp
Isurus Gaming,LAS,Pride (Franco Sanzana)
Isurus Gaming,LAS,Ukkyr
Isurus Gaming,LAS,Clatos
Kaos Latin Gamers,LAS,TheFoxz
Kaos Latin Gamers,LAS,Piroxz
Kaos Latin Gamers,LAS,Spotted
Kaos Latin Gamers,LAS,Regi
Kaos Latin Gamers,LAS,Primoo
Kaos Latin Gamers,LAS,SZ
Kaos Latin Gamers,LAS,Element
Kaos Latin Gamers,LAS,Juliostito
Kaos Latin Gamers,LAS,Misfits (Jonathan Muñoz)
Kaos Latin Gamers,LAS,Plugo
Kaos Latin Gamers,LAS,BearJew
Kaos Latin Gamers,LAS,Bear
Last Kings,LAS,Focho
Last Kings,LAS,Rakyz
Last Kings,LAS,WhiteLotus
Last Kings,LAS,Nipphu
Last Kings,LAS,Primoo
Last Kings,LAS,Wardz
Last Kings,LAS,Zealot
Last Kings,LAS,Badmilk
Last Kings,LAS,LilSainity
Rebirth eSports,LAS,Focho
Rebirth eSports,LAS,Megajp
Rebirth eSports,LAS,Slow
Rebirth eSports,LAS,MANTARRAYA
Rebirth eSports,LAS,Zealot
Rebirth eSports,LAS,Zeypher
Rebirth eSports,LAS,FraGio
Rebirth eSports,LAS,Yaltz
Rebirth eSports,LAS,Quakerr
Beşiktaş.OH,TCL,Rawbin
Beşiktaş.OH,TCL,Tracer
Beşiktaş.OH,TCL,Ruvelius
Beşiktaş.OH,TCL,Immortoru
Beşiktaş.OH,TCL,Hibiki
Beşiktaş.OH,TCL,Scarface
Beşiktaş.OH,TCL,Rogu
Beşiktaş.OH,TCL,Rawbin IV
Beşiktaş.OH,TCL,Sedrion
Beşiktaş.OH,TCL,Kadir
Beşiktaş.OH,TCL,Xyraz
ÇİLEKLER,TCL,Rawbin
ÇİLEKLER,TCL,Cognac
ÇİLEKLER,TCL,Madness
ÇİLEKLER,TCL,Sigma
ÇİLEKLER,TCL,Panky (Uğur Taş)
ÇİLEKLER,TCL,Astarte (Görkem Öztürk)
ÇİLEKLER,TCL,Lukezy
ÇİLEKLER,TCL,LEYL Ü NEHAR
Dark Passage,TCL,Abaria
Dark Passage,TCL,Zeitnot
Dark Passage,TCL,Crystal
Dark Passage,TCL,Arphan
Dark Passage,TCL,Caps
Dark Passage,TCL,Un1tback
Dark Passage,TCL,Xerxe
Dark Passage,TCL,Denden
Dark Passage,TCL,Elwind
Dark Passage,TCL,Lukezy
HWA Gaming,TCL,Marshall
HWA Gaming,TCL,HolyPhoenix
HWA Gaming,TCL,Visdom
HWA Gaming,TCL,Hatrixx
HWA Gaming,TCL,Godbro
HWA Gaming,TCL,Trix
HWA Gaming,TCL,Trixucator
HWA Gaming,TCL,Revanche
NumberOne Esports,TCL,Muscle
NumberOne Esports,TCL,Elysion
NumberOne Esports,TCL,Âprox
NumberOne Esports,TCL,Swanepoel
NumberOne Esports,TCL,Rydle
NumberOne Esports,TCL,KillerEs
NumberOne Esports,TCL,KonDziSan
SuperMassive eSports,TCL,Achuu
SuperMassive eSports,TCL,Stomaged
SuperMassive eSports,TCL,FabFabulous
SuperMassive eSports,TCL,Thaldrin
SuperMassive eSports,TCL,Achuu Çöp
SuperMassive eSports,TCL,Naru
SuperMassive eSports,TCL,Nardeus
SuperMassive eSports,TCL,Dumbledoge
Team AURORA,TCL,Kanani
Team AURORA,TCL,Unknown
Team AURORA,TCL,Crystal
Team AURORA,TCL,Avenuee
Team AURORA,TCL,Hioss
Team AURORA,TCL,Zergsting
Team AURORA,TCL,DarkSide
Team Turquality,TCL,Reach (Lee Joo-won)
Team Turquality,TCL,LongB
Team Turquality,TCL,Fencer
Team Turquality,TCL,Un1tback
Team Turquality,TCL,Kazze
Team Turquality,TCL,KillerEs
Team Turquality,TCL,Xyraz
Crew e-Sports Club,TCL,Corpse
Crew e-Sports Club,TCL,Föur
Crew e-Sports Club,TCL,Clongwen
Crew e-Sports Club,TCL,React
Crew e-Sports Club,TCL,Padden
Crew e-Sports Club,TCL,Rare
Crew e-Sports Club,TCL,Revanche
Crew e-Sports Club,TCL,Wickd
Avant Garde,OPL,Destiny (Mitchell Shaw)
Avant Garde,OPL,Chelby
Avant Garde,OPL,DDD
Avant Garde,OPL,Wrekt
Avant Garde,OPL,Survivalone
Avant Garde,OPL,Chenyboy
Avant Garde,OPL,Blindturkey
Avant Garde,OPL,Triple
Avant Garde,OPL,Raintear
Avant Garde,OPL,Stark (Jason Au)
Avant Garde,OPL,Jayke
Avant Garde,OPL,Paradise
Dire Wolves,OPL,Regret9
Dire Wolves,OPL,Cuden
Dire Wolves,OPL,Sybol (Lachlan Civil)
Dire Wolves,OPL,Phantiks
Dire Wolves,OPL,Sybol
Dire Wolves,OPL,Rippii
Dire Wolves,OPL,Raes
Dire Wolves,OPL,Chippys
Hellions e-Sports Club,OPL,Frae
Hellions e-Sports Club,OPL,Bomb
Hellions e-Sports Club,OPL,Luna (Josh Allen)
Hellions e-Sports Club,OPL,SoulStrikes
Hellions e-Sports Club,OPL,Ryoo
Hellions e-Sports Club,OPL,Denian
Hellions e-Sports Club,OPL,Cookie
Hellions e-Sports Club,OPL,Impaired
Infernum Gaming,OPL,Mallek
Infernum Gaming,OPL,Midbeast
Infernum Gaming,OPL,Yuzuki
Infernum Gaming,OPL,Seb
Infernum Gaming,OPL,Wiffle
Infernum Gaming,OPL,Stealthix
Legacy Esports,OPL,Regret9
Legacy Esports,OPL,ChuChuZ
Legacy Esports,OPL,Cuden
Legacy Esports,OPL,Minkywhale
Legacy Esports,OPL,K1ng
Legacy Esports,OPL,Carbon
Legacy Esports,OPL,Kulo
Legacy Esports,OPL,Straawbella
Legacy Esports,OPL,Tally
Sin Gaming,OPL,RYmeister
Sin Gaming,OPL,Cardrid
Sin Gaming,OPL,Raps
Sin Gaming,OPL,Skwiggle
Sin Gaming,OPL,Juves
Sin Gaming,OPL,DanDayn
Sin Gaming,OPL,Rogue (Jake Sharwood)
Chiefs Esports Club,OPL,Spookz
Chiefs Esports Club,OPL,Raydere
Chiefs Esports Club,OPL,EGym
Chiefs Esports Club,OPL,Swiffer
Chiefs Esports Club,OPL,Swip3rR
Chiefs Esports Club,OPL,Cheese
Trident Esports,OPL,Edition
Trident Esports,OPL,Wzrd
Trident Esports,OPL,Impaired
Trident Esports,OPL,Bma
Trident Esports,OPL,Jayke
Abyss Esports,OPL,Looch
Abyss Esports,OPL,Squidgy
Abyss Esports,OPL,Seb
Abyss Esports,OPL,Tgun
Abyss Esports,OPL,Raid
Tainted Minds,OPL,Praedyth
Tainted Minds,OPL,Lost
Tainted Minds,OPL,Omni
Tainted Minds,OPL,Zahe
Tainted Minds,OPL,Rosey
Tainted Minds,OPL,Straawbella
Hard Random,LCL,Kira
Hard Random,LCL,PvPStejos
Hard Random,LCL,Smurf (Dmitri Ivanov)
Hard Random,LCL,Likkrit
Hard Random,LCL,AMiracle
Natus Vincere.CIS,LCL,Aoi Haru
Natus Vincere.CIS,LCL,Skash
Natus Vincere.CIS,LCL,Doxy
Natus Vincere.CIS,LCL,VincentVega
Natus Vincere.CIS,LCL,Zvene
Natus Vincere.CIS,LCL,Lasagna
Natus Vincere.CIS,LCL,Saulius
RoX,LCL,Bebe (Friedrich Knaub)
RoX,LCL,Starscream
RoX,LCL,Arphan
RoX,LCL,DimaJke
RoX,LCL,Ekka
RoX,LCL,Raxxo
RoX,LCL,FIRees
RoX,LCL,NikSar
RoX,LCL,SaZeD
Team Differential,LCL,Resu
Team Differential,LCL,Punisher
Team Differential,LCL,Dayruin
Team Differential,LCL,Gemp
Team Differential,LCL,Flashy
Team Differential,LCL,JustNo0b
Team Empire,LCL,Memento
Team Empire,LCL,Ferit
Team Empire,LCL,Paranoia
Team Empire,LCL,Antariys
Team Empire,LCL,Svikter
Team Empire,LCL,Symphony
Team Empire,LCL,Mumus100
Team Empire,LCL,Tornell
Team Empire,LCL,SaNTaS
Team Empire,LCL,BULBAZABP
Team Just,LCL,Unstop
Team Just,LCL,Marker
Team Just,LCL,Kimi
Team Just,LCL,Antariys
Team Just,LCL,Punisher
Team Just,LCL,Ques
Team Just,LCL,Blasting
Team Just,LCL,Voyna
Team Just,LCL,JustNo0b
Team Just,LCL,Stierlitz
Team Just,LCL,Neiman
Team Just,LCL,GetCrazy
Vaevictis eSports,LCL,Lord ZaK
Vaevictis eSports,LCL,Piter Pokir
Vaevictis eSports,LCL,StarForgerZak
Vaevictis eSports,LCL,Symphony
Vaevictis eSports,LCL,Bonjour
Vaevictis eSports,LCL,DoubleAiM
Vaevictis eSports,LCL,Raxxo
Vaevictis eSports,LCL,SaNTaS
Vaevictis eSports,LCL,Ekd
Vega Squadron,LCL,Tauren
Vega Squadron,LCL,NoNholy
Vega Squadron,LCL,Doxy
Vega Squadron,LCL,Zanzarah
Vega Squadron,LCL,Ritix
Vega Squadron,LCL,Drobovik123
Vega Squadron,LCL,Edward
Vega Squadron,LCL,WildHeart
Vega Squadron,LCL,XDSMILEY
Albus NoX Luna,LCL,Kira
Albus NoX Luna,LCL,Ansva
Albus NoX Luna,LCL,PvPStejos
Albus NoX Luna,LCL,Smurf (Dmitri Ivanov)
Albus NoX Luna,LCL,Likkrit
Albus NoX Luna,LCL,AMiracle
Gambit Esports,LCL,LeX
Gambit Esports,LCL,BloodFenix
Gambit Esports,LCL,Babunia
Gambit Esports,LCL,Archie (Vyacheslav Egorov)
Gambit Esports,LCL,Fomko
DetonatioN FocusMe,LJL,Yutapon
DetonatioN FocusMe,LJL,Zerost
DetonatioN FocusMe,LJL,BonziN
DetonatioN FocusMe,LJL,Hikari
DetonatioN FocusMe,LJL,Eternal (Han Gi-hun)
DetonatioN FocusMe,LJL,DayDream
DetonatioN FocusMe,LJL,Catch
DetonatioN FocusMe,LJL,Ceros
DetonatioN FocusMe,LJL,ViviD
DetonatioN FocusMe,LJL,Nororin
Rampage,LJL,Tussle
Rampage,LJL,Dara
Rampage,LJL,Tei
Rampage,LJL,Roki
Rampage,LJL,Aotaka
Rampage,LJL,Meron
Rampage,LJL,Paz
7th heaven,LJL,Shinmori
7th heaven,LJL,Estelim
7th heaven,LJL,Broooock
7th heaven,LJL,Rokenia
7th heaven,LJL,Awaker
7th heaven,LJL,Beni
7th heaven,LJL,Corn (Hong Jae-hee)
7th heaven,LJL,ThintoN
7th heaven,LJL,YutoriMoyashi
7th heaven,LJL,Evi
Rascal Jester,LJL,GalB
Rascal Jester,LJL,Aripo
Rascal Jester,LJL,HW4NG
Rascal Jester,LJL,Lillebelt
Rascal Jester,LJL,Corn (Hong Jae-hee)
Rascal Jester,LJL,Rkp
Rascal Jester,LJL,Inu
Unsold Stuff Gaming,LJL,Isurugi
Unsold Stuff Gaming,LJL,ApaMEN
Unsold Stuff Gaming,LJL,Clockday
Unsold Stuff Gaming,LJL,Challenger
Unsold Stuff Gaming,LJL,Enty
Unsold Stuff Gaming,LJL,Namakemono
Unsold Stuff Gaming,LJL,Haretti
Unsold Stuff Gaming,LJL,AeonBlast
Team BlackEye,LJL,Mugoon
Team BlackEye,LJL,Mueki
Team BlackEye,LJL,Swizzle
Team BlackEye,LJL,CarilRui
Team BlackEye,LJL,RhythmAsalt
Team BlackEye,LJL,Cogcog
Team BlackEye,LJL,Ryavka
Team BlackEye,LJL,Alps
Team BlackEye,LJL,Yoshiaki
Team BlackEye,LJL,Serick
SCARZ,LJL,Alleycat
SCARZ,LJL,Terette
SCARZ,LJL,Ilven
SCARZ,LJL,Kazu
SCARZ,LJL,Day1
SCARZ,LJL,Arfoad
SCARZ,LJL,Vivy
