Cloud9,NA,Reapered
Cloud9,NA,Bunny FuFuu
Cloud9,NA,Sneaky
Cloud9,NA,Rush
Cloud9,NA,Jensen
Cloud9,NA,LemonNation
Cloud9,NA,Meteos
Cloud9,NA,Balls
Cloud9,NA,Smoothie
Cloud9,NA,Impact
Cloud9,NA,Hai
Counter Logic Gaming,NA,Huhi
Counter Logic Gaming,NA,Xmithie
Counter Logic Gaming,NA,Aphromoo
Counter Logic Gaming,NA,Stixxay
Counter Logic Gaming,NA,Darshan
Counter Logic Gaming,NA,Zikzlol
Echo Fox,NA,Froggen
Echo Fox,NA,Solo (Colin Earnest)
Echo Fox,NA,Goldenglue
Echo Fox,NA,Kez
Echo Fox,NA,Hard
Echo Fox,NA,Cop
Echo Fox,NA,BIG
Echo Fox,NA,HeavenTime
Echo Fox,NA,KEITH
Echo Fox,NA,LOD
Echo Fox,NA,Kfo
Echo Fox,NA,Grigne
Echo Fox,NA,Stunt
Echo Fox,NA,Ginko
Immortals,NA,Reignover
Immortals,NA,WildTurtle
Immortals,NA,Pobelter
Immortals,NA,Huni
Immortals,NA,Dylan
Immortals,NA,Adrian
NRG Esports,NA,Quas
NRG Esports,NA,Cris
NRG Esports,NA,Shrimp
NRG Esports,NA,Moon (Galen Holgate)
NRG Esports,NA,Hermit
NRG Esports,NA,Santorin
NRG Esports,NA,KonKwon
NRG Esports,NA,GBM
NRG Esports,NA,LOD
NRG Esports,NA,Impact
NRG Esports,NA,KiWiKiD
NRG Esports,NA,Altec
NRG Esports,NA,Ohq
Renegades,NA,Crumbz
Renegades,NA,Seraph
Renegades,NA,RF Legendary
Renegades,NA,Hermes (David Tu)
Renegades,NA,Ninja
Renegades,NA,Alex Ich
Renegades,NA,Hakuho
Renegades,NA,Freeze
Renegades,NA,Flaresz
Renegades,NA,Remi
Renegades,NA,LOD
Renegades,NA,Ohq
Team Dignitas,NA,Apollo (Apollo Price)
Team Dignitas,NA,Raz
Team Dignitas,NA,Smittyj
Team Dignitas,NA,Shiphtur
Team Dignitas,NA,Kirei
Team Dignitas,NA,InnerFlame
Team Dignitas,NA,KiWiKiD
Team Dignitas,NA,BillyBoss
Team Impulse,NA,Seraph
Team Impulse,NA,Pirean
Team Impulse,NA,Gate
Team Impulse,NA,Beibei
Team Impulse,NA,Jason
Team Impulse,NA,Procxin
Team Impulse,NA,Mash
Team Impulse,NA,Ken
Team Impulse,NA,Feng (Wang Xiao-Feng)
Team Liquid,NA,FeniX
Team Liquid,NA,Locodoco
Team Liquid,NA,Moon (Galen Holgate)
Team Liquid,NA,IWDominate
Team Liquid,NA,Matt
Team Liquid,NA,Smoothie
Team Liquid,NA,Dardoch
Team Liquid,NA,Fabbbyyy
Team Liquid,NA,Piglet
Team Liquid,NA,Lourlo
Team SoloMid,NA,YellOwStaR
Team SoloMid,NA,Jarge
Team SoloMid,NA,Bjergsen
Team SoloMid,NA,Biofrost
Team SoloMid,NA,Doublelift
Team SoloMid,NA,Svenskeren
Team SoloMid,NA,Parth
Team SoloMid,NA,Reginald
Team SoloMid,NA,Hauntzer
Apex Gaming,NA,Apollo (Apollo Price)
Apex Gaming,NA,Shrimp
Apex Gaming,NA,Keane
Apex Gaming,NA,Ray
Apex Gaming,NA,Saintvicious
Apex Gaming,NA,Xpecial
Phoenix1,NA,Zig
Phoenix1,NA,Pirean
Phoenix1,NA,Gate
Phoenix1,NA,Slooshi
Phoenix1,NA,Brandini
Phoenix1,NA,BonQuish
Phoenix1,NA,Mash
Phoenix1,NA,Inori
Phoenix1,NA,Charlie (Charlie Lipsie)
Phoenix1,NA,Zentinel
Team EnVyUs,NA,Seraph
Team EnVyUs,NA,Ninja
Team EnVyUs,NA,Hakuho
Team EnVyUs,NA,Procxin
Team EnVyUs,NA,Miracle (Lee Hyeon-beom)
Team EnVyUs,NA,LOD
Elements,EU,MrRalleZ
Elements,EU,Nyph
Elements,EU,Eika
Elements,EU,Gilius
Elements,EU,Sprattel
Elements,EU,Steve (Etienne Michels)
Fnatic,EU,Deilor
Fnatic,EU,YellOwStaR
Fnatic,EU,Febiven
Fnatic,EU,Werlyb
Fnatic,EU,Gamsu
Fnatic,EU,Rekkles
Fnatic,EU,NoXiAK
Fnatic,EU,Klaj
Fnatic,EU,Spirit
Fnatic,EU,Kikis
G2 Esports,EU,PerkZ
G2 Esports,EU,Zven
G2 Esports,EU,Emperor
G2 Esports,EU,Trick
G2 Esports,EU,YoungBuck
G2 Esports,EU,Mithy
G2 Esports,EU,Expect
G2 Esports,EU,Hybrid
G2 Esports,EU,Kikis
Giants Gaming,EU,Smittyj
Giants Gaming,EU,XPePii
Giants Gaming,EU,Wisdom
Giants Gaming,EU,NighT
Giants Gaming,EU,K0u
Giants Gaming,EU,Adryh
Giants Gaming,EU,Atom (Peter Thomsen)
Giants Gaming,EU,Lozark
Giants Gaming,EU,Hustlin
Giants Gaming,EU,G0DFRED
Giants Gaming,EU,BetongJocke
Giants Gaming,EU,S0NSTAR
Giants Gaming,EU,Maxlore
H2k-Gaming,EU,Pr0lly
H2k-Gaming,EU,Ryu
H2k-Gaming,EU,VandeR
H2k-Gaming,EU,Freeze
H2k-Gaming,EU,FORG1VEN
H2k-Gaming,EU,Odoamne
H2k-Gaming,EU,Jankos
H2k-Gaming,EU,Selfie
Origen,EU,Toaster
Origen,EU,Zven
Origen,EU,SOAZ
Origen,EU,Bali
Origen,EU,NicoThePico
Origen,EU,Araneae
Origen,EU,Amazing (Maurice Stückenschneider)
Origen,EU,PowerOfEvil
Origen,EU,Hazel
Origen,EU,XPeke
Origen,EU,FORG1VEN
Origen,EU,Hybrid
Origen,EU,Mithy
Splyce,EU,Trashy
Splyce,EU,YamatoCannon
Splyce,EU,Mikyx
Splyce,EU,Kobbe
Splyce,EU,Sencux
Splyce,EU,Wunderwear
Splyce,EU,Nisbeth
Splyce,EU,Wunder
Team ROCCAT,EU,Fredy122
Team ROCCAT,EU,Parang
Team ROCCAT,EU,Steeelback
Team ROCCAT,EU,Airwaks
Team ROCCAT,EU,Extinkt
Team ROCCAT,EU,Betsy
Team ROCCAT,EU,Tabzz
Team ROCCAT,EU,GrabbZ
Team ROCCAT,EU,Edward
Team ROCCAT,EU,Raise
Team ROCCAT,EU,NoXiAK
Team ROCCAT,EU,Memento
Team ROCCAT,EU,Safir
Team ROCCAT,EU,ImSoFresh
Team Vitality,EU,Mightybear
Team Vitality,EU,Shook
Team Vitality,EU,Hjärnan
Team Vitality,EU,Shaunz
Team Vitality,EU,Reje
Team Vitality,EU,Police
Team Vitality,EU,Nukeduck
Team Vitality,EU,KaSing
Team Vitality,EU,Cabochard
Unicorns Of Love,EU,Loulex
Unicorns Of Love,EU,Djoko
Unicorns Of Love,EU,Vizicsacsi
Unicorns Of Love,EU,Steeelback
Unicorns Of Love,EU,Sheepy
Unicorns Of Love,EU,Move
Unicorns Of Love,EU,Hylissang
Unicorns Of Love,EU,Fox
Unicorns Of Love,EU,Exileh
Unicorns Of Love,EU,Rudy
Unicorns Of Love,EU,Veritas
Unicorns Of Love,EU,Diamondprox
FC Schalke 04,EU,MrRalleZ
FC Schalke 04,EU,Nyph
FC Schalke 04,EU,Gilius
FC Schalke 04,EU,Fox
FC Schalke 04,EU,Sprattel
FC Schalke 04,EU,Steve (Etienne Michels)
EDward Gaming,LPL,Athena
EDward Gaming,LPL,Scout
EDward Gaming,LPL,Clearlove
EDward Gaming,LPL,Fireloli
EDward Gaming,LPL,Koro1
EDward Gaming,LPL,Meiko
EDward Gaming,LPL,Deft
EDward Gaming,LPL,PawN
EDward Gaming,LPL,RapidStar
EDward Gaming,LPL,Mouse
Energy Pacemaker.All,LPL,Soul (Zhou Feng)
Energy Pacemaker.All,LPL,Moon (Gu-Yue Ze-Yu)
Energy Pacemaker.All,LPL,Republic
Energy Pacemaker.All,LPL,Crisis
Energy Pacemaker.All,LPL,JieZou
Energy Pacemaker.All,LPL,Romantic
Energy Pacemaker.All,LPL,Rabbit97
Energy Pacemaker.All,LPL,GimGoon
Hyper Youth Gaming,LPL,March
Hyper Youth Gaming,LPL,Gosu
Hyper Youth Gaming,LPL,XQ
Hyper Youth Gaming,LPL,X1u
Hyper Youth Gaming,LPL,Chimin
Hyper Youth Gaming,LPL,17
Invictus Gaming,LPL,Tabe
Invictus Gaming,LPL,Baolan
Invictus Gaming,LPL,Zz1tai
Invictus Gaming,LPL,RooKie
Invictus Gaming,LPL,Rain (An Hyeong-uk)
Invictus Gaming,LPL,Rookie
Invictus Gaming,LPL,Kitties
Invictus Gaming,LPL,Marge
Invictus Gaming,LPL,Time
Invictus Gaming,LPL,Kid
Invictus Gaming,LPL,Ben
Invictus Gaming,LPL,Save
LGD Gaming,LPL,Yu
LGD Gaming,LPL,Eimy
LGD Gaming,LPL,Jinoo
LGD Gaming,LPL,We1less
LGD Gaming,LPL,Pyl
LGD Gaming,LPL,1ntruder
LGD Gaming,LPL,Imp
LGD Gaming,LPL,Acorn
LGD Gaming,LPL,Punished
LGD Gaming,LPL,Xiaoxi
LGD Gaming,LPL,MaRin
Masters 3,LPL,PentaQ
Masters 3,LPL,City
Masters 3,LPL,Raphael
Masters 3,LPL,Savoki
Masters 3,LPL,Lazarus
Masters 3,LPL,Yolo
Masters 3,LPL,XY
Masters 3,LPL,Scenery
Oh My God,LPL,5
Oh My God,LPL,Cool
Oh My God,LPL,S1mLz
Oh My God,LPL,Memory
Oh My God,LPL,FishBall
Oh My God,LPL,Xiyang
Oh My God,LPL,Dark
Oh My God,LPL,Bei
Oh My God,LPL,Luo (Luo Ci-rui)
Oh My God,LPL,World6
Oh My God,LPL,Juejue
Oh My God,LPL,Smlz
Oh My God,LPL,Quan
Oh My God,LPL,Icon
Qiao Gu Reapers,LPL,V
Qiao Gu Reapers,LPL,Swift
Qiao Gu Reapers,LPL,Mor
Qiao Gu Reapers,LPL,Uzi (Jian Zi-Hao)
Qiao Gu Reapers,LPL,Doinb
Qiao Gu Reapers,LPL,Mortred
Qiao Gu Reapers,LPL,Peco
Qiao Gu Reapers,LPL,BoriSal
Royal Never Give Up,LPL,LeY
Royal Never Give Up,LPL,LetMe
Royal Never Give Up,LPL,Mata
Royal Never Give Up,LPL,Uzi (Jian Zi-Hao)
Royal Never Give Up,LPL,NaMei
Royal Never Give Up,LPL,Xiaohu
Royal Never Give Up,LPL,Wuxx
Royal Never Give Up,LPL,Fly (Kim Sang-chul)
Royal Never Give Up,LPL,Mlxg
Royal Never Give Up,LPL,Sask
Royal Never Give Up,LPL,InSec
Royal Never Give Up,LPL,Looper
Snake Esports,LPL,Flandre
Snake Esports,LPL,ZZR
Snake Esports,LPL,SofM
Snake Esports,LPL,Martin (Tan Qi)
Snake Esports,LPL,KRYST4L
Snake Esports,LPL,Jiezou
Snake Esports,LPL,TANK
Snake Esports,LPL,Ella
Team WE,LPL,957
Team WE,LPL,Mystic
Team WE,LPL,Condi
Team WE,LPL,Zero (Yoon Kyung-sup)
Team WE,LPL,Xiye
Vici Gaming,LPL,CaveMan
Vici Gaming,LPL,Dandy
Vici Gaming,LPL,Loong
Vici Gaming,LPL,DanDy
Vici Gaming,LPL,Easyhoon
Vici Gaming,LPL,XuanXuanPi
Vici Gaming,LPL,Endless
Game Talents,LPL,WuShuang
Game Talents,LPL,PentaQ
Game Talents,LPL,Republic
Game Talents,LPL,City
Game Talents,LPL,Savoki
Game Talents,LPL,GimGoon
I May,LPL,Baeme
I May,LPL,Athena
I May,LPL,AmazingJ
I May,LPL,Mitty
I May,LPL,Kezman
I May,LPL,BaeMe
I May,LPL,Road
I May,LPL,Jinjiao
I May,LPL,Avoidless
Newbee,LPL,V
Newbee,LPL,Swift
Newbee,LPL,Dade
Newbee,LPL,MorZB
Newbee,LPL,HappyY
Saint Gaming,LPL,March
Saint Gaming,LPL,Styz
Saint Gaming,LPL,XQ
Saint Gaming,LPL,Snoopy (Yang Yo-myong)
Saint Gaming,LPL,Captain (Sun Yu-Ze)
Saint Gaming,LPL,Maidong
Saint Gaming,LPL,Chimin
Saint Gaming,LPL,Otto
Saint Gaming,LPL,X1u
Saint Gaming,LPL,Acorn
Afreeca Freecs,LCK,SnowFlower
Afreeca Freecs,LCK,LirA
Afreeca Freecs,LCK,Ikssu
Afreeca Freecs,LCK,Lindarang
Afreeca Freecs,LCK,Mickey
Afreeca Freecs,LCK,Sangyoon
Afreeca Freecs,LCK,SeongHwan
CJ Entus,LCK,Shy
CJ Entus,LCK,Haru
CJ Entus,LCK,Untara
CJ Entus,LCK,Sky (Kim Ha-neul)
CJ Entus,LCK,Ghost (Jang Yong-jun)
CJ Entus,LCK,Bdd
CJ Entus,LCK,MadLife
CJ Entus,LCK,Kramer
CJ Entus,LCK,Bubbling
Jin Air Green Wings,LCK,SoHwan
Jin Air Green Wings,LCK,Winged
Jin Air Green Wings,LCK,Chei
Jin Air Green Wings,LCK,Kuzan
Jin Air Green Wings,LCK,TrAce
Jin Air Green Wings,LCK,Blanc
Jin Air Green Wings,LCK,Pilot
Jin Air Green Wings,LCK,Sweet (Lee Eun-teak)
Kongdoo Monster,LCK,GuGer
Kongdoo Monster,LCK,Edge
Kongdoo Monster,LCK,SSol
Kongdoo Monster,LCK,Crush
Kongdoo Monster,LCK,Hipo
Kongdoo Monster,LCK,Roach
KT Rolster,LCK,IgNar
KT Rolster,LCK,Fly (Song Yong-jun)
KT Rolster,LCK,Arrow
KT Rolster,LCK,Hachani
KT Rolster,LCK,Ssumday
KT Rolster,LCK,Score
Longzhu Gaming,LCK,Flame
Longzhu Gaming,LCK,Frozen
Longzhu Gaming,LCK,Chaser
Longzhu Gaming,LCK,Cpt Jack
Longzhu Gaming,LCK,Emperor
Longzhu Gaming,LCK,Coco
Longzhu Gaming,LCK,Fury (Lee Jin-yong)
Longzhu Gaming,LCK,Zzus
Longzhu Gaming,LCK,Crash
Longzhu Gaming,LCK,Pure
Longzhu Gaming,LCK,Expession
ROX Tigers,LCK,Cry
ROX Tigers,LCK,Peanut
ROX Tigers,LCK,GorillA
ROX Tigers,LCK,Kuro
ROX Tigers,LCK,NoFe
ROX Tigers,LCK,Smeb
ROX Tigers,LCK,PraY
Samsung Galaxy,LCK,CuVee
Samsung Galaxy,LCK,CoreJJ
Samsung Galaxy,LCK,Crown
Samsung Galaxy,LCK,Helper
Samsung Galaxy,LCK,Edgar
Samsung Galaxy,LCK,Ambition
Samsung Galaxy,LCK,Ruler
Samsung Galaxy,LCK,Stitch
Samsung Galaxy,LCK,Wraith
SBENU Sonicboom,LCK,SaSin
SBENU Sonicboom,LCK,Nuclear
SBENU Sonicboom,LCK,Secret
SBENU Sonicboom,LCK,Flawless
SBENU Sonicboom,LCK,Soul (Seo Hyeon-seok)
SBENU Sonicboom,LCK,SoaR
SK Telecom T1,LCK,Bang
SK Telecom T1,LCK,KkOma
SK Telecom T1,LCK,Scout
SK Telecom T1,LCK,Duke
SK Telecom T1,LCK,Faker
SK Telecom T1,LCK,Blank
SK Telecom T1,LCK,Wolf (Lee Jae-wan)
SK Telecom T1,LCK,Bengi
ESC Ever,LCK,Totoro
ESC Ever,LCK,Key
ESC Ever,LCK,LokeN
ESC Ever,LCK,Crazy
ESC Ever,LCK,Firetrap
ESC Ever,LCK,Tempt
ESC Ever,LCK,Bless
MVP,LCK,ADD
MVP,LCK,Ian
MVP,LCK,MaHa
MVP,LCK,Beyond (Kim Kyu-seok)
MVP,LCK,Max (Jeong Jong-bin)
ahq e-Sports Club,LMS,Ziv (Chen Yi)
ahq e-Sports Club,LMS,Mountain
ahq e-Sports Club,LMS,Chawy
ahq e-Sports Club,LMS,Westdoor
ahq e-Sports Club,LMS,Albis
ahq e-Sports Club,LMS,RD
ahq e-Sports Club,LMS,GreenTea
ahq e-Sports Club,LMS,BayBay
ahq e-Sports Club,LMS,AN
Cougar E-Sport,LMS,Syuan
Cougar E-Sport,LMS,Melon (Tsai Tsung-Yu)
Cougar E-Sport,LMS,SpeaR
Cougar E-Sport,LMS,Never
Cougar E-Sport,LMS,CandyBB
Cougar E-Sport,LMS,KuKu
Cougar E-Sport,LMS,XUE
Cougar E-Sport,LMS,AJ
Cougar E-Sport,LMS,Rabi2
eXtreme Gamers,LMS,SuwaKo
eXtreme Gamers,LMS,Pony
eXtreme Gamers,LMS,Yo
eXtreme Gamers,LMS,Nexus (Tung Tung)
eXtreme Gamers,LMS,Mist
eXtreme Gamers,LMS,Exciting
eXtreme Gamers,LMS,LBB
eXtreme Gamers,LMS,Suki
Flash Wolves,LMS,Breeze
Flash Wolves,LMS,Fluidwind
Flash Wolves,LMS,SwordArt
Flash Wolves,LMS,SwordArT
Flash Wolves,LMS,NL
Flash Wolves,LMS,Karsa
Flash Wolves,LMS,Maple (Huang Yi-Tang)
Flash Wolves,LMS,Rins
Flash Wolves,LMS,MMD
Hong Kong Esports,LMS,GodKwai
Hong Kong Esports,LMS,MarS
Hong Kong Esports,LMS,Rokenia
Hong Kong Esports,LMS,Chillyz
Hong Kong Esports,LMS,DinTer
Hong Kong Esports,LMS,Olleh
Hong Kong Esports,LMS,Gear
Hong Kong Esports,LMS,Wind (Lai Chap Yin)
Hong Kong Esports,LMS,XiaoLiang
Hong Kong Esports,LMS,MapleSnow
Hong Kong Esports,LMS,Raison
Machi E-Sports,LMS,Breaker
Machi E-Sports,LMS,Dreamer
Machi E-Sports,LMS,BoBo (Wang You-Lin)
Machi E-Sports,LMS,PaSa
Machi E-Sports,LMS,Taizan
Machi E-Sports,LMS,Apex (Hsieh Chia-Wei)
Machi E-Sports,LMS,Dee
Machi E-Sports,LMS,Vayn3z
Midnight Sun Esports,LMS,SkuLL
Midnight Sun Esports,LMS,CorGi
Midnight Sun Esports,LMS,Ninuo
Midnight Sun Esports,LMS,M1ssion
Midnight Sun Esports,LMS,Wulala
Midnight Sun Esports,LMS,Payne
Midnight Sun Esports,LMS,Kaiwing
Midnight Sun Esports,LMS,Julian
Taipei Assassins,LMS,Achie
Taipei Assassins,LMS,Jay
Taipei Assassins,LMS,Lilv
Taipei Assassins,LMS,Morning
Taipei Assassins,LMS,Yue
Taipei Assassins,LMS,FoFo
Taipei Assassins,LMS,REFRA1N
Taipei Assassins,LMS,Bebe (Chang Bo-Wei)
J Team,LMS,Jay
J Team,LMS,Morning
J Team,LMS,FoFo
J Team,LMS,BeBe (Chang Bo-Wei)
J Team,LMS,REFRA1N
Team Mist,LMS,Breeze
Team Mist,LMS,Zor
Team Mist,LMS,K
Team Mist,LMS,Rain (Liu Min-Hung)
Team Mist,LMS,Rins
Team Mist,LMS,Benny (Lien Hsiu-Chi)
Bangkok Titans,GPL,Whatthejes
Bangkok Titans,GPL,Lloyd
Bangkok Titans,GPL,Sek
Bangkok Titans,GPL,007x
Bangkok Titans,GPL,Moss
Bangkok Titans,GPL,InTreso
Bangkok Titans,GPL,G4
Imperium Pro Team,GPL,JLC
Imperium Pro Team,GPL,SuEz
Imperium Pro Team,GPL,H4T3
Imperium Pro Team,GPL,Light
Imperium Pro Team,GPL,Poysanity
Kanaya Gaming,GPL,RubeN
Kanaya Gaming,GPL,Banana (Brian Hammock)
Kanaya Gaming,GPL,Andree
Kanaya Gaming,GPL,Phoenix (Yehezkiel Patric)
Kanaya Gaming,GPL,TheChupper
Kanaya Gaming,GPL,Oceans11
Kanaya Gaming,GPL,Pokka
Kuala Lumpur Hunters,GPL,CO4
Kuala Lumpur Hunters,GPL,OzoraVeki
Kuala Lumpur Hunters,GPL,SOUPerior
Kuala Lumpur Hunters,GPL,CoolKitty
Kuala Lumpur Hunters,GPL,Qaspiel
Kuala Lumpur Hunters,GPL,13Ghost
Saigon Jokers,GPL,Tsu
Saigon Jokers,GPL,Jinkey
Saigon Jokers,GPL,Row
Saigon Jokers,GPL,HanYiAn
Saigon Jokers,GPL,Celebrity
Saigon Jokers,GPL,Lovida
Saigon Jokers,GPL,Warzone
Team Rigel,GPL,Zancazor
Team Rigel,GPL,Revive (Daniel Tan)
Team Rigel,GPL,Arkane
Team Rigel,GPL,Mexilew
Team Rigel,GPL,PandaPaws
Team Rigel,GPL,Arykelic
Acclaim EmpireX,GPL,EndlessACE
Acclaim EmpireX,GPL,KarlCulated
Acclaim EmpireX,GPL,Jenvi
Acclaim EmpireX,GPL,Kanon
Acclaim EmpireX,GPL,Tamsu
Vestigial,GPL,BBTY
Vestigial,GPL,Ly4ly4ly4
Vestigial,GPL,Mexilew
Vestigial,GPL,Arykelic
Vestigial,GPL,Kra
Big Gods,CBLOL,Rakin
Big Gods,CBLOL,Ranger
Big Gods,CBLOL,Dionrray
Big Gods,CBLOL,Tierwulf
Big Gods,CBLOL,Luskka
Big Gods,CBLOL,RedBert
CNB e-Sports Club,CBLOL,Aoshi
CNB e-Sports Club,CBLOL,Nappon
CNB e-Sports Club,CBLOL,Minerva
CNB e-Sports Club,CBLOL,TinOwns
CNB e-Sports Club,CBLOL,Pbo
CNB e-Sports Club,CBLOL,Vash
CNB e-Sports Club,CBLOL,Wos
CNB e-Sports Club,CBLOL,LEP
CNB e-Sports Club,CBLOL,Djokovic
CNB e-Sports Club,CBLOL,YoDa (Felipe Noronha)
INTZ e-Sports,CBLOL,Jockster
INTZ e-Sports,CBLOL,Tockers
INTZ e-Sports,CBLOL,Abaxial
INTZ e-Sports,CBLOL,Yang
INTZ e-Sports,CBLOL,Revolta
INTZ e-Sports,CBLOL,MicaO
KaBuM! e-Sports,CBLOL,Ziriguidun
KaBuM! e-Sports,CBLOL,Minerva
KaBuM! e-Sports,CBLOL,TinOwns
KaBuM! e-Sports,CBLOL,Vash
KaBuM! e-Sports,CBLOL,Matsukaze
KaBuM! e-Sports,CBLOL,Zuao
KaBuM! e-Sports,CBLOL,Zantins
KaBuM! e-Sports,CBLOL,Verfix
KaBuM! e-Sports,CBLOL,LEP
KaBuM! e-Sports,CBLOL,Danagorn
KaBuM! e-Sports,CBLOL,Verto
KaBuM! e-Sports,CBLOL,Galfi
Keyd Stars,CBLOL,EsA
Keyd Stars,CBLOL,Nappon
Keyd Stars,CBLOL,Baiano
Keyd Stars,CBLOL,Jukaah
Keyd Stars,CBLOL,Alocs
Keyd Stars,CBLOL,Takeshi
Keyd Stars,CBLOL,Robo
Keyd Stars,CBLOL,Verfix
Keyd Stars,CBLOL,Turtle
Operation Kino,CBLOL,EzPrince
Operation Kino,CBLOL,Goku
Operation Kino,CBLOL,Theusma
Operation Kino,CBLOL,SkyBart
Operation Kino,CBLOL,Zuao
Operation Kino,CBLOL,Skyer
Operation Kino,CBLOL,Turtle
Operation Kino,CBLOL,Professor
Operation Kino,CBLOL,Von
paiN Gaming,CBLOL,TheFoxz
paiN Gaming,CBLOL,Leko
paiN Gaming,CBLOL,Ziriguidun
paiN Gaming,CBLOL,SirT
paiN Gaming,CBLOL,BrTT
paiN Gaming,CBLOL,Mylon
paiN Gaming,CBLOL,TaeYeon
paiN Gaming,CBLOL,Kami
paiN Gaming,CBLOL,MiT
paiN Gaming,CBLOL,Picoca
RED Canids,CBLOL,Dioud
RED Canids,CBLOL,Ayel
RED Canids,CBLOL,Caos (Jonas Vriesman)
RED Canids,CBLOL,Eryon
RED Canids,CBLOL,SacyR
RED Canids,CBLOL,Brucer
RED Canids,CBLOL,Neki
RED Canids,CBLOL,YoDa (Felipe Noronha)
g3nerationX,CBLOL,Transao
g3nerationX,CBLOL,TaeYeon
g3nerationX,CBLOL,Snowlz
g3nerationX,CBLOL,Alocs
g3nerationX,CBLOL,Zantins
g3nerationX,CBLOL,Skyer
Dash9 Gaming,LAN,Ghinis
Dash9 Gaming,LAN,Lulos
Dash9 Gaming,LAN,Dye
Dash9 Gaming,LAN,Wikko
Dash9 Gaming,LAN,Nicomando
Galactic Gamers,LAN,NerzhuL
Galactic Gamers,LAN,ChumpJohn
Galactic Gamers,LAN,Dickma
Galactic Gamers,LAN,Fr3deric
Galactic Gamers,LAN,Leza
Galactic Gamers,LAN,Jin (Adrià Salabert)
Galactic Gamers,LAN,1an
Galactic Gamers,LAN,Oddie
Galactic Gamers,LAN,Easy (Brandon Doyle)
Galactic Gamers,LAN,Hydra
Havoks Gaming,LAN,Xpng
Havoks Gaming,LAN,DCStar
Havoks Gaming,LAN,Porky (Gerardo Cuamea)
Havoks Gaming,LAN,Soren (Carlos Ibarra)
Havoks Gaming,LAN,LiquidDiego
Lyon Gaming,LAN,WhiteLotus
Lyon Gaming,LAN,Seiya
Lyon Gaming,LAN,Arce
Lyon Gaming,LAN,Thyak
Lyon Gaming,LAN,Oddie
Lyon Gaming,LAN,Jirall
Lyon Gaming,LAN,Uri
Revenge eSports,LAN,NeeDlesS
Revenge eSports,LAN,Kenny (Bruno Córdova)
Revenge eSports,LAN,Cygnüs
Revenge eSports,LAN,Quaker
Revenge eSports,LAN,Guishe
Revenge eSports,LAN,FraGio
Revenge eSports,LAN,RhOm
Revenge eSports,LAN,Iruga
Tesla E-Sports,LAN,XSWRD
Tesla E-Sports,LAN,Bismal
Tesla E-Sports,LAN,Zeypher
Tesla E-Sports,LAN,Tarzán
Tesla E-Sports,LAN,ILove
BrawL eSports,LAN,Manu
BrawL eSports,LAN,Acerola
BrawL eSports,LAN,Keoo
BrawL eSports,LAN,Prashant
BrawL eSports,LAN,Seboo
BrawL eSports,LAN,Rapid
Just Toys Havoks,LAN,DCStar
Just Toys Havoks,LAN,EvanRL
Just Toys Havoks,LAN,Porky (Gerardo Cuamea)
Just Toys Havoks,LAN,Minibestia
Just Toys Havoks,LAN,LiquidDiego
ZAGA Talent Gaming,LAN,GodDragon
ZAGA Talent Gaming,LAN,VirusFx
ZAGA Talent Gaming,LAN,SolidSnake
ZAGA Talent Gaming,LAN,Master Jos
ZAGA Talent Gaming,LAN,Voltigore
Furious Gaming,LAS,Leko
Furious Gaming,LAS,Genthix
Furious Gaming,LAS,Acce
Furious Gaming,LAS,Helior
Furious Gaming,LAS,Dinamox
Furious Gaming,LAS,Prodigy
Furious Gaming,LAS,Uri
Furious Gaming,LAS,Gonto
Hafnet eSports,LAS,Le Smart
Hafnet eSports,LAS,Tomex
Hafnet eSports,LAS,Khynm
Hafnet eSports,LAS,Acce
Hafnet eSports,LAS,Otto (Otávio Rodrigues)
Hafnet eSports,LAS,1984
Hafnet eSports,LAS,Wara
Hafnet eSports,LAS,Buggax
Isurus Gaming,LAS,Newbie
Isurus Gaming,LAS,Zeicro
Isurus Gaming,LAS,QQMore
Isurus Gaming,LAS,Ukkyr
Isurus Gaming,LAS,Emp
Isurus Gaming,LAS,Clatos
Isurus Gaming,LAS,Pride (Franco Sanzana)
Kaos Latin Gamers,LAS,TheFoxz
Kaos Latin Gamers,LAS,Piroxz
Kaos Latin Gamers,LAS,Juliostito
Kaos Latin Gamers,LAS,Misfits (Jonathan Muñoz)
Kaos Latin Gamers,LAS,Regi
Kaos Latin Gamers,LAS,Helior
Kaos Latin Gamers,LAS,Bear
Kaos Latin Gamers,LAS,BearJew
Kaos Latin Gamers,LAS,Plugo
Kaos Latin Gamers,LAS,Primoo
Kaos Latin Gamers,LAS,Element
Kaos Latin Gamers,LAS,SZ
Kaos Latin Gamers,LAS,Spotted
Last Kings,LAS,WhiteLotus
Last Kings,LAS,Zealot
Last Kings,LAS,Badmilk
Last Kings,LAS,Nipphu
Last Kings,LAS,Wardz
Last Kings,LAS,Rakyz
Last Kings,LAS,Focho
Last Kings,LAS,LilSainity
Last Kings,LAS,Primoo
Rebirth eSports,LAS,Quakerr
Rebirth eSports,LAS,Zealot
Rebirth eSports,LAS,Megajp
Rebirth eSports,LAS,Slow
Rebirth eSports,LAS,MANTARRAYA
Rebirth eSports,LAS,Focho
Rebirth eSports,LAS,Zeypher
Rebirth eSports,LAS,FraGio
Rebirth eSports,LAS,Yaltz
Beşiktaş.OH,TCL,Immortoru
Beşiktaş.OH,TCL,Rawbin IV
Beşiktaş.OH,TCL,Rawbin
Beşiktaş.OH,TCL,Hibiki
Beşiktaş.OH,TCL,Sedrion
Beşiktaş.OH,TCL,Xyraz
Beşiktaş.OH,TCL,Scarface
Beşiktaş.OH,TCL,Tracer
Beşiktaş.OH,TCL,Ruvelius
Beşiktaş.OH,TCL,Rogu
Beşiktaş.OH,TCL,Kadir
ÇİLEKLER,TCL,LEYL Ü NEHAR
ÇİLEKLER,TCL,Lukezy
ÇİLEKLER,TCL,Sigma
ÇİLEKLER,TCL,Rawbin
ÇİLEKLER,TCL,Astarte (Görkem Öztürk)
ÇİLEKLER,TCL,Madness
ÇİLEKLER,TCL,Cognac
ÇİLEKLER,TCL,Panky (Uğur Taş)
Dark Passage,TCL,Denden
Dark Passage,TCL,Crystal
Dark Passage,TCL,Lukezy
Dark Passage,TCL,Xerxe
Dark Passage,TCL,Un1tback
Dark Passage,TCL,Caps
Dark Passage,TCL,Elwind
Dark Passage,TCL,Zeitnot
Dark Passage,TCL,Abaria
Dark Passage,TCL,Arphan
HWA Gaming,TCL,Trixucator
HWA Gaming,TCL,Revanche
HWA Gaming,TCL,Marshall
HWA Gaming,TCL,Trix
HWA Gaming,TCL,Godbro
HWA Gaming,TCL,Visdom
HWA Gaming,TCL,Hatrixx
HWA Gaming,TCL,HolyPhoenix
NumberOne Esports,TCL,Rydle
NumberOne Esports,TCL,Muscle
NumberOne Esports,TCL,Elysion
NumberOne Esports,TCL,KonDziSan
NumberOne Esports,TCL,Âprox
NumberOne Esports,TCL,Swanepoel
NumberOne Esports,TCL,KillerEs
SuperMassive eSports,TCL,Stomaged
SuperMassive eSports,TCL,Thaldrin
SuperMassive eSports,TCL,Achuu Çöp
SuperMassive eSports,TCL,Dumbledoge
SuperMassive eSports,TCL,Nardeus
SuperMassive eSports,TCL,FabFabulous
SuperMassive eSports,TCL,Achuu
SuperMassive eSports,TCL,Naru
Team AURORA,TCL,Hioss
Team AURORA,TCL,Avenuee
Team AURORA,TCL,Unknown
Team AURORA,TCL,Crystal
Team AURORA,TCL,DarkSide
Team AURORA,TCL,Kanani
Team AURORA,TCL,Zergsting
Team Turquality,TCL,Kazze
Team Turquality,TCL,LongB
Team Turquality,TCL,Un1tback
Team Turquality,TCL,Fencer
Team Turquality,TCL,Reach (Lee Joo-won)
Team Turquality,TCL,Xyraz
Team Turquality,TCL,KillerEs
Crew e-Sports Club,TCL,Padden
Crew e-Sports Club,TCL,Darlik
Crew e-Sports Club,TCL,React
Crew e-Sports Club,TCL,Revanche
Crew e-Sports Club,TCL,Wickd
Crew e-Sports Club,TCL,Clongwen
Crew e-Sports Club,TCL,Rare
Crew e-Sports Club,TCL,Corpse
Crew e-Sports Club,TCL,Föur
Avant Garde,OPL,Stark (Jason Au)
Avant Garde,OPL,Paradise
Avant Garde,OPL,Blindturkey
Avant Garde,OPL,Wrekt
Avant Garde,OPL,Chelby
Avant Garde,OPL,Triple
Avant Garde,OPL,Chenyboy
Avant Garde,OPL,Destiny (Mitchell Shaw)
Avant Garde,OPL,Malaz
Avant Garde,OPL,Survivalone
Avant Garde,OPL,Raintear
Avant Garde,OPL,DDD
Avant Garde,OPL,Jayke
Dire Wolves,OPL,Sybol (Lachlan Civil)
Dire Wolves,OPL,Regret9
Dire Wolves,OPL,Raes
Dire Wolves,OPL,Cuden
Dire Wolves,OPL,Sybol
Dire Wolves,OPL,Sharp
Dire Wolves,OPL,Phantiks
Dire Wolves,OPL,Rippii
Dire Wolves,OPL,Chippys
Hellions e-Sports Club,OPL,SoulStrikes
Hellions e-Sports Club,OPL,Denian
Hellions e-Sports Club,OPL,Impaired
Hellions e-Sports Club,OPL,Cookie
Hellions e-Sports Club,OPL,Ryoo
Hellions e-Sports Club,OPL,Luna (Josh Allen)
Hellions e-Sports Club,OPL,Bomb
Hellions e-Sports Club,OPL,Frae
Infernum Gaming,OPL,Midbeast
Infernum Gaming,OPL,Wiffle
Infernum Gaming,OPL,Mallek
Infernum Gaming,OPL,Jakattack
Infernum Gaming,OPL,Stealthix
Infernum Gaming,OPL,Yuzuki
Infernum Gaming,OPL,Seb
Legacy Esports,OPL,Kulo
Legacy Esports,OPL,Carbon
Legacy Esports,OPL,Regret9
Legacy Esports,OPL,Tally
Legacy Esports,OPL,Minkywhale
Legacy Esports,OPL,Tallywhacka
Legacy Esports,OPL,Cuden
Legacy Esports,OPL,K1ng
Legacy Esports,OPL,ChuChuZ
Legacy Esports,OPL,Straawbella
Sin Gaming,OPL,Cardrid
Sin Gaming,OPL,Skwiggle
Sin Gaming,OPL,Juves
Sin Gaming,OPL,Rogue (Jake Sharwood)
Sin Gaming,OPL,DanDayn
Sin Gaming,OPL,Raps
Sin Gaming,OPL,RYmeister
Sin Gaming,OPL,Chippys
Chiefs Esports Club,OPL,Swip3rR
Chiefs Esports Club,OPL,Cheese
Chiefs Esports Club,OPL,EGym
Chiefs Esports Club,OPL,Raydere
Chiefs Esports Club,OPL,Swiffer
Chiefs Esports Club,OPL,Spookz
Trident Esports,OPL,Pacman
Trident Esports,OPL,Impaired
Trident Esports,OPL,Wzrd
Trident Esports,OPL,Bma
Trident Esports,OPL,Edition
Trident Esports,OPL,Jayke
Abyss Esports,OPL,Pacman
Abyss Esports,OPL,Looch
Abyss Esports,OPL,Raid
Abyss Esports,OPL,Seb
Abyss Esports,OPL,Squidgy
Abyss Esports,OPL,Tgun
Tainted Minds,OPL,Rosey
Tainted Minds,OPL,Omni
Tainted Minds,OPL,Praedyth
Tainted Minds,OPL,SazaHu
Tainted Minds,OPL,Lost
Tainted Minds,OPL,Zahe
Tainted Minds,OPL,Straawbella
Hard Random,LCL,Smurf (Dmitri Ivanov)
Hard Random,LCL,Likkrit
Hard Random,LCL,Kira
Hard Random,LCL,PvPStejos
Hard Random,LCL,AMiracle
Natus Vincere.CIS,LCL,Aoi Haru
Natus Vincere.CIS,LCL,Lasagna
Natus Vincere.CIS,LCL,Doxy
Natus Vincere.CIS,LCL,Skash
Natus Vincere.CIS,LCL,Saulius
Natus Vincere.CIS,LCL,Zvene
Natus Vincere.CIS,LCL,VincentVega
RoX,LCL,Bebe (Friedrich Knaub)
RoX,LCL,DimaJke
RoX,LCL,SaZeD
RoX,LCL,Raxxo
RoX,LCL,NikSar
RoX,LCL,Starscream
RoX,LCL,Ekka
RoX,LCL,FIRees
RoX,LCL,Arphan
Team Differential,LCL,Resu
Team Differential,LCL,Gemp
Team Differential,LCL,JustNo0b
Team Differential,LCL,H4rdeath
Team Differential,LCL,Flashy
Team Differential,LCL,Dayruin
Team Differential,LCL,Punisher
Team Empire,LCL,Tornell
Team Empire,LCL,Antariys
Team Empire,LCL,Svikter
Team Empire,LCL,Ferit
Team Empire,LCL,BULBAZABP
Team Empire,LCL,Symphony
Team Empire,LCL,Mumus100
Team Empire,LCL,Memento
Team Empire,LCL,Paranoia
Team Empire,LCL,SaNTaS
Team Just,LCL,Stierlitz
Team Just,LCL,Blasting
Team Just,LCL,Antariys
Team Just,LCL,JustNo0b
Team Just,LCL,Ques
Team Just,LCL,Marker
Team Just,LCL,Neiman
Team Just,LCL,Unstop
Team Just,LCL,Voyna
Team Just,LCL,Punisher
Team Just,LCL,Kimi
Team Just,LCL,GetCrazy
Vaevictis eSports,LCL,StarForgerZak
Vaevictis eSports,LCL,DoubleAiM
Vaevictis eSports,LCL,Bonjour
Vaevictis eSports,LCL,Symphony
Vaevictis eSports,LCL,SaNTaS
Vaevictis eSports,LCL,Piter Pokir
Vaevictis eSports,LCL,Ekd
Vaevictis eSports,LCL,Lord ZaK
Vaevictis eSports,LCL,Raxxo
Vega Squadron,LCL,Drobovik123
Vega Squadron,LCL,Ritix
Vega Squadron,LCL,NoNholy
Vega Squadron,LCL,Zanzarah
Vega Squadron,LCL,Doxy
Vega Squadron,LCL,Tauren
Vega Squadron,LCL,Edward
Vega Squadron,LCL,XDSMILEY
Vega Squadron,LCL,WildHeart
Albus NoX Luna,LCL,Smurf (Dmitri Ivanov)
Albus NoX Luna,LCL,Likkrit
Albus NoX Luna,LCL,Kira
Albus NoX Luna,LCL,PvPStejos
Albus NoX Luna,LCL,Ansva
Albus NoX Luna,LCL,AMiracle
Gambit Esports,LCL,Babunia
Gambit Esports,LCL,Archie (Vyacheslav Egorov)
Gambit Esports,LCL,Fomko
Gambit Esports,LCL,BloodFenix
Gambit Esports,LCL,LeX
DetonatioN FocusMe,LJL,Hikari
DetonatioN FocusMe,LJL,ViviD
DetonatioN FocusMe,LJL,Nororin
DetonatioN FocusMe,LJL,DayDream
DetonatioN FocusMe,LJL,Eternal (Han Gi-hun)
DetonatioN FocusMe,LJL,Catch
DetonatioN FocusMe,LJL,BonziN
DetonatioN FocusMe,LJL,Yutapon
DetonatioN FocusMe,LJL,Ceros
DetonatioN FocusMe,LJL,Zerost
Rampage,LJL,Aotaka
Rampage,LJL,Roki
Rampage,LJL,Tei
Rampage,LJL,Tussle
Rampage,LJL,Meron
Rampage,LJL,Dara
Rampage,LJL,Paz
7th heaven,LJL,Beni
7th heaven,LJL,Evi
7th heaven,LJL,Broooock
7th heaven,LJL,ThintoN
7th heaven,LJL,Corn (Hong Jae-hee)
7th heaven,LJL,Rokenia
7th heaven,LJL,YutoriMoyashi
7th heaven,LJL,Awaker
7th heaven,LJL,Shinmori
7th heaven,LJL,Estelim
Rascal Jester,LJL,GalB
Rascal Jester,LJL,Inu
Rascal Jester,LJL,Aripo
Rascal Jester,LJL,Rkp
Rascal Jester,LJL,Cogcog
Rascal Jester,LJL,Corn (Hong Jae-hee)
Rascal Jester,LJL,Lillebelt
Rascal Jester,LJL,HW4NG
Unsold Stuff Gaming,LJL,ApaMEN
Unsold Stuff Gaming,LJL,Haretti
Unsold Stuff Gaming,LJL,Challenger
Unsold Stuff Gaming,LJL,Clockday
Unsold Stuff Gaming,LJL,AeonBlast
Unsold Stuff Gaming,LJL,Isurugi
Unsold Stuff Gaming,LJL,Enty
Unsold Stuff Gaming,LJL,Namakemono
Team BlackEye,LJL,Alps
Team BlackEye,LJL,Swizzle
Team BlackEye,LJL,Yoshiaki
Team BlackEye,LJL,Cogcog
Team BlackEye,LJL,Serick
Team BlackEye,LJL,Mugoon
Team BlackEye,LJL,RhythmAsalt
Team BlackEye,LJL,Arfoad
Team BlackEye,LJL,Ryavka
Team BlackEye,LJL,Mueki
Team BlackEye,LJL,CarilRui
SCARZ,LJL,Kazu
SCARZ,LJL,Ilven
SCARZ,LJL,Nova (Motoyuki Yamanaka)
SCARZ,LJL,Alleycat
SCARZ,LJL,Arfoad
SCARZ,LJL,Terette
SCARZ,LJL,Day1
SCARZ,LJL,Vivy
