Balls,An Le,Top,USA
Rush,Lee Yoon-jae (이윤재),Jungle,South Korea
Jensen,Nicolaj Jensen,Mid,Denmark
Sneaky,Zachary Scuderi,AD,USA
Bunny FuFuu,Michael Kurylo,Support,USA
Hai,Hai Du Lam,Support,USA
LemonNation,Daerek Hart,Coach,USA
Darshan,Darshan Upadhyaya,Top,Canada
Xmithie,Jake Puchero,Jungle,Philippines
Huhi,Choi Jae-hyun (최재현),Mid,France
Stixxay,Trevor Hayes,AD,USA
Aphromoo,Zaqueri Black,Support,USA
Zikzlol,Tony Gray,Coach,USA
Kfo,Park Jeong-hun (박정훈),Top,South Korea
Solo (Colin Earnest),Colin Earnest,Top,USA
Hard,Anthony Barkhovtsev,Jungle,Canada
Grigne,Jonathan Armao,Jungle,USA
Froggen,Henrik Hansen,Mid,Denmark
Goldenglue,Greyson Gilmer,Mid,USA
KEITH,Yuri Jew,AD,USA
LOD,Benjamin deMunck,AD,Canada
BIG,Terry Chuong,Support,USA
Stunt,William Chen,Support,USA
Cop,David Roberson,Coach,USA
Huni,Heo Seung-hoon (허승훈),Top,South Korea
Reignover,Kim Yeu-jin (김의진),Jungle,South Korea
Pobelter,Eugene Park,Mid,USA
WildTurtle,Jason Tran,AD,Canada
Adrian,Adrian Ma,Support,USA
Dylan,Dylan Falco,Coach,Canada
Cris,Cristian Rosales,Top,Mexico
Impact,Jung Eon-yeong (정언영),Top,South Korea
Shrimp,Lee Byeong-hoon (이병훈),Jungle,South Korea
Moon (Galen Holgate),Galen Holgate,Jungle,USA
GBM,Lee Chang-seok (이창석),Mid,South Korea
Altec,Johnny Ru,AD,Canada
KonKwon,Kevin Kwon (권구혁),Support,South Korea
Hermit,Tadayoshi Littleton,Coach,USA
RF Legendary,Oleksii Kuziuta,Top,Ukraine
Flaresz,Cuong Ta,Top,USA
Seraph,Shin Woo-yeong (신우영),Top,South Korea
Crumbz,Alberto Rengifo,Jungle,Venezuela
Alex Ich,Alexey Ichetovkin,Mid,Russia
Ninja,Noh Geon-woo (노건우),Mid,South Korea
Freeze,Aleš Kněžínek,AD,Czech Republic
Ohq,Oh Gyu-min (오규민),AD,South Korea
Remi,Maria Creveling,Support,USA
Hakuho,Nickolas Surgent,Support,USA
Hermes (David Tu),David Tu,Coach,USA
Smittyj,Lennart Warkus,Top,Germany
BillyBoss,Billy Yu,Top,USA
Kirei,Thomas Yuen,Jungle,Netherlands
Shiphtur,Danny Le,Mid,Canada
Apollo (Apollo Price),Apollo Price,AD,USA
KiWiKiD,Alan Nguyen,Support,USA
Raz,Barento Mohammed,Coach,Canada
InnerFlame,Joe Elouassi,Coach,United Kingdom
Feng (Wang Xiao-Feng),Wang Xiao-Feng (王晓峰),Top,China
Beibei,Meng Zhang,Jungle,China
Procxin,Kim Se-young (김세영),Jungle,South Korea
Gate,Austin Yu,Mid,China
Pirean,Choi Jun-sik (최준식),Mid,South Korea
Mash,Brandon Phan,AD,Canada
Ken,Kenneth Tang,Support,USA
Jason,Jun-yao Pan,Coach,China
Lourlo,Samson Jackson,Top,USA
IWDominate,Christian Rivera,Jungle,USA
Dardoch,Joshua Hartnett,Jungle,USA
FeniX,Kim Jae-hoon (김재훈),Mid,South Korea
Piglet,Chae Gwang-jin (채광진),AD,South Korea
Smoothie,Andy Ta,Support,Canada
Matt,Matthew Elento,Support,USA
Locodoco,Choi Yoon-sub (최윤섭),Coach,South Korea
Hauntzer,Kevin Yarnell,Top,USA
Svenskeren,Dennis Johnsen,Jungle,Denmark
Bjergsen,Søren Bjerg,Mid,Denmark
Doublelift,Yiliang Peng,AD,USA
YellOwStaR,Bora Kim,Support,France
Jarge,Joshua Smith,Coach,United Kingdom
Parth,Parth Naidu,Coach,USA
Reginald,Andy Dinh,Coach,USA
Ray,Jeon Ji-won (전지원),Top,South Korea
Keane,Jang Lae-young (장래영),Mid,South Korea
Xpecial,Alex Chu,Support,USA
Saintvicious,Brandon DiMarco,Coach,USA
Meteos,William Hartman,Jungle,USA
Reapered,Bok Han-gyu (복한규),Coach,South Korea
Kez,Kevin Jeon,Jungle,USA
Ginko,Jake Fyfe,Coach,USA
HeavenTime,Simon Jeon,Coach,South Korea
Quas,Diego Ruiz,Top,Venezuela
Santorin,Lucas Tao Kilmer Larsen,Jungle,Denmark
Zig,Derek Shao,Top,Canada
Brandini,Brandon Chen,Top,USA
Zentinel,Kevin Pires,Jungle,USA
Inori,Rami Charagh,Jungle,Iraq
Slooshi,Andrew Pham,Mid,USA
Charlie (Charlie Lipsie),Charlie Lipsie,Coach,China
BonQuish,Alec Warren,Coach,USA
Miracle (Lee Hyeon-beom),Lee Hyeon-beom (이현범),Coach,South Korea
Fabbbyyy,Jovani Guillen,AD,USA
Biofrost,Vincent Wang,Support,China
Steve (Etienne Michels),Etienne Michels,Top,France
Gilius,Erberk Demir,Jungle,Germany
Eika,Jérémy Valdenaire,Mid,France
MrRalleZ,Rasmus Skinneholm,AD,Denmark
Sprattel,Hampus Abrahamsson,Support,Sweden
Nyph,Patrick Funke,Coach,Germany
Gamsu,Noh Yeong-jin (노영진),Top,South Korea
Spirit,Lee Da-yoon (이다윤),Jungle,South Korea
Febiven,Fabian Diepstraten,Mid,Netherlands
Rekkles,Martin Larsson,AD,Sweden
NoXiAK,Lewis Simon Felix,Support,Germany
Klaj,Johan Olsson,Support,Sweden
Deilor,Luis Sevilla Petit,Coach,Spain
Kikis,Mateusz Szkudlarek,Top,Poland
Trick,Kim Gang-yun (김강윤),Jungle,South Korea
PerkZ,Luka Perković,Mid,Croatia
Emperor,Kim Jin-hyun (김진현),AD,South Korea
Hybrid,Glenn Doornenbal,Support,Netherlands
YoungBuck,Joey Steltenpool,Coach,Netherlands
Atom (Peter Thomsen),Peter Thomsen,Top,Denmark
K0u,Tinh Tri Lam,Jungle,Norway
BetongJocke,Joachim Rasmussen,Jungle,Sweden
Wisdom,Kim Tae-wan (김태완),Jungle,South Korea
XPePii,Isaac Flores,Mid,Spain
Adryh,Adrián Pérez,AD,Spain
S0NSTAR,Son Seung-ik (손승익),AD,South Korea
G0DFRED,Oskar Lundström,Support,Sweden
Hustlin,Morgan Granberg,Support,Sweden
Lozark,David Alonso Vicente,Coach,Spain
Odoamne,Andrei Pascu,Top,Romania
Jankos,Marcin Jankowski,Jungle,Poland
Ryu,Yoo Sang-wook (유상욱),Mid,South Korea
Selfie,Marcin Wolski,Mid,Poland
FORG1VEN,Konstantinos Tzortziou,AD,Greece
VandeR,Oskar Bogdan,Support,Poland
Pr0lly,Neil Hammad,Coach,USA
SOAZ,Paul Boyer,Top,France
Amazing (Maurice Stückenschneider),Maurice Stückenschneider,Jungle,Germany
PowerOfEvil,Tristan Schrage,Mid,Germany
Zven,Jesper Svenningsen,AD,Denmark
Mithy,Alfonso Aguirre Rodríguez,Support,Spain
Hazel,Nicolai Larsen,Coach,Denmark
XPeke,Enrique Cedeño Martínez,Coach,Spain
Bali,Ana Negueruela,Coach,Spain
Wunderwear,Martin Hansen,Top,Denmark
Trashy,Jonas Andersen,Jungle,Denmark
Sencux,Chres Laursen,Mid,Denmark
Kobbe,Kasper Kobberup,AD,Denmark
Nisbeth,Nicolai Nisbeth,Support,Denmark
YamatoCannon,Jakob Mebdi,Coach,Sweden
Fredy122,Simon Payne,Top,United Kingdom
Airwaks,Karim Benghalia,Jungle,Switzerland
Betsy,Felix Edling,Mid,Malaysia
Safir,Karim Tokhi,AD,Afghanistan
Tabzz,Erik van Helvert,AD,Netherlands
Edward,Edward Abgaryan,Support,Armenia
Extinkt,Vytautas Mėlinauskas,Support,Lithuania
ImSoFresh,Karim Bbahla,Coach,Belgium
GrabbZ,Fabian Lohmann,Coach,Germany
Cabochard,Lucas Simon-Meslet,Top,France
Shook,Ilyas Hartsema,Jungle,Netherlands
Nukeduck,Erlend Våtevik Holm,Mid,Norway
Hjärnan,Petter Freyschuss,AD,Sweden
KaSing,Raymond Tsang,Support,United Kingdom
Shaunz,Kévin Ghanbarzadeh,Coach,France
Vizicsacsi,Kiss Tamás,Top,Hungary
Diamondprox,Danil Reshetnikov,Jungle,Russia
Djoko,Charly Guillard,Jungle,France
Rudy,Rudy Beltran,Jungle,Sweden
Loulex,Jean-Victor Burgevin,Jungle,France
Fox,Hampus Myhre,Mid,Sweden
Steeelback,Pierre Medjaldi,AD,France
Hylissang,Zdravets Galabov,Support,Bulgaria
Sheepy,Fabian Mallant,Coach,Germany
Werlyb,Jorge Casanovas,Top,Spain
Expect,Ki Dae-han (기대한),Top,South Korea
Maxlore,Nubar Sarafian,Jungle,United Kingdom
NighT,Na Gun-woo (나건우),Mid,South Korea
Toaster,Augustas Ruplys,AD,Lithuania
NicoThePico,Nicholas Korsgaard,Coach,Norway
Araneae,Alvar Martín Aleñar,Coach,Spain
Wunder,Martin Hansen,Top,Denmark
Mikyx,Mihael Mehle,Support,Slovenia
Parang,Lee Sang-won (이상원),Top,South Korea
Memento,Jonas Elmarghichi,Jungle,Sweden
Raise,Oh Ji-hwan (오지환),Support,South Korea
Mightybear,Kim Min-su (김민수),Jungle,South Korea
Police,Park Hyeong-gi (박형기),AD,South Korea
Reje,Victor Etlar Eriksen,AD,Denmark
Move,Kang Min-su (강민수),Jungle,South Korea
Exileh,Fabian Schubert,Mid,Germany
Veritas,Kim Kyoung-min (김경민),AD,South Korea
Koro1,Tong Yang (童扬),Top,China
Fireloli,Zhao Zhi-Ming (赵志铭),Jungle,China
Clearlove,Ming Kai (明凯),Jungle,China
Athena,Kang Ha-woon (강하운),Mid,South Korea
PawN,Heo Won-seok (허원석),Mid,South Korea
Deft,Kim Hyuk-kyu (김혁규),AD,South Korea
Meiko,Tian Ye (田野),Support,China
GimGoon,Kim Han-saem (김한샘),Top,South Korea
Rabbit97,He Zhi-Hong (何志鸿),Jungle,China
Crisis,Huang Zhen (黄震),Jungle,China
Republic,Bong Geun-tae (봉근태),Mid,South Korea
Romantic,Zhang Cheng (张成),AD,China
Moon (Gu-Yue Ze-Yu),Gu-Yue Ze-Yu (古月泽宇),AD,China
JieZou,Xia Heng (夏衡),Support,China
Soul (Zhou Feng),Zhou Feng (周枫),Support,China
17,Xu Zhao (徐曌),Top,China
March,Ye Jia-Bin (叶加滨),Jungle,China
Chimin,Kim Gyeong-min (김경민),Jungle,South Korea
Gosu,Sin Hyeok (신혁),Mid,South Korea
XQ,Li Ying-Jie (李英杰),AD,China
X1u,Yu Jie (余捷),Support,China
Zz1tai,Liu Zhi-Hao (刘志豪),Top,China
Kid,Ge Yan (葛炎),Jungle,China
RooKie,Song Eui-jin (송의진),Mid,South Korea
Time,Tang Jin-Tai (唐靖泰),AD,China
Rain (An Hyeong-uk),An Hyeong-uk,AD,South Korea
Kitties,Liu Hong-Jun (刘洪均),Support,China
MaRin,Jang Gyeong-hwan (장경환),Top,South Korea
Acorn,Choi Cheon-ju (최천주),Top,South Korea
Eimy,Xie Dan (谢丹),Jungle,China
Xiaoxi,Wei Li-Sheng (李盛维),Jungle,China
Yu,Li Xin-Nan (李鑫男),Jungle,China
We1less,Wei Zhen (韦朕),Mid,China
Imp,Gu Seung-bin (구승빈),AD,South Korea
Pyl,Chen Bo (陈博),Support,China
XY,Feng Yu-Xin (冯玉鑫),Top,China
Lazarus,Seong Sang-hyeon (성상현),Top,South Korea
Yolo,Jang Hyeon-su (장현수),Jungle,South Korea
Scenery,Yan Hong (颜宏),Jungle,China
Raphael,Ko Jae-hyun (고재현),Mid,South Korea
PentaQ,Xu Ming-Shu (徐铭枢),AD,China
Savoki,Jin Hao (金灏),Support,China
City,He Wei (贺维),Support,China
Dark,Yang Ju-Bao (杨聚宝),Top,China
Xiyang,Hu Bin (胡彬),Top,China
FishBall,Wang Yu (王宇),Jungle,China
Quan,Zhu Yong-Quan (朱永权),Jungle,China
Cool,Yu Jia-Jun (余家俊),Mid,China
Icon,Xie Tian-Yu (谢天宇),Mid,China
S1mLz,Han Jin (韩金),AD,China
Bei,Zhang Yu-Ze (张雨泽),AD,China
5,Liu Shi-Yu (刘时雨),Support,China
Luo (Luo Ci-rui),Luo Ci-Rui (罗词锐),Support,China
V,Bao Bo (鮑波),Top,China
Swift,Baek Da-hoon (백다훈),Jungle,South Korea
Doinb,Kim Tae-sang (김태상),Mid,South Korea
BoriSal,Kim Yeong-hoon (김영훈),Mid,South Korea
Mortred,Huang Zi-Kun (黄子坤),Mid,China
Peco,Yu Rui (喻瑞),AD,China
Uzi (Jian Zi-Hao),Jian Zi-Hao (简自豪),AD,China
Mor,Zhang Hong-Wei (张洪伟),Support,China
Looper,Jang Hyeong-seok (장형석),Top,South Korea
LetMe,Yan Jun-Ze (严君泽),Top,China
Mlxg,Liu Shi-Yu (刘世宇),Jungle,China
InSec,Choi In-seok (최인석),Jungle,South Korea
Xiaohu,Li Yuan-Hao (李元浩),Mid,China
Sask,Zhou Yi-Xiang (周翼翔),Mid,China
Wuxx,Wang Cheng (王城),AD,China
NaMei,Zhu Jia-Wen (朱佳文),AD,China
Mata,Cho Se-hyoung (조세형),Support,South Korea
LeY,Le Yi (乐毅),Support,China
Flandre,Li Xuan-Jun (李炫君),Top,China
ZZR,Zeng Zhan-Ran (曾湛然),Jungle,China
TANK,Park Dan-won (박단원),Mid,South Korea
Martin (Tan Qi),Tan Qi (谭琦),AD,China
KRYST4L,Yang Fan (杨藩),AD,China
Ella,Kwak Na-hoon (곽나훈),Support,South Korea
957,Ke Chang-Yu (柯昌宇),Top,China
Condi,Xiang Ren-Jie (向人杰),Jungle,China
Xiye,Su Han-Wei (苏汉伟),Mid,China
Mystic,Jin Seong-jun (진성준),AD,South Korea
Zero (Yoon Kyung-sup),Yoon Kyung-sup (윤경섭),Support,South Korea
Loong,Zhu Xiao-Long (朱小龙),Top,China
DanDy,Choi In-kyu (최인규),Jungle,South Korea
Easyhoon,Lee Ji-hoon (이지훈),Mid,South Korea
Endless,Xu Hao (许昊),AD,China
CaveMan,Duan De-Liang (段德良),Support,China
Mouse,Chen Yu-Hao (陈宇浩),Top,China
Scout,Lee Ye-chan (이예찬),Mid,South Korea
WuShuang,Wang Hai-Li (王海郦),Jungle,China
AmazingJ,Shek Wai Ho (石偉豪),Top,Hong Kong
Avoidless,Fan Jun Wei (范俊偉),Jungle,Hong Kong
Mitty,Zhao Zhi-Ming (赵志铭),Jungle,China
Baeme,Kang Yang-hyun (강양현),Mid,South Korea
Jinjiao,Xie Jin-Shan (谢金山),AD,China
Road,Yun Han-gil (윤한길),Support,South Korea
Save,Baek Young-jin (백영진),Top,South Korea
Rookie,Song Eui-jin (송의진),Mid,South Korea
Marge,Feng Li (冯磊),AD,China
Tabe,Wong Pak Kan (王柏勤),Support,Hong Kong
Ben,Nam Dong-hyun (남동현),Support,South Korea
Baolan,Wang Liu-Yi (王柳羿),Support,China
Jinoo,Lim Jin-woo (임진우),Top,South Korea
1ntruder,Tang Sheng (唐圣),Jungle,China
Punished,Li Yuan-Hui (李元辉),Mid,China
Dade,Bae Eo-jin (배어진),Mid,South Korea
HappyY,Yu Rui (喻瑞),AD,China
MorZB,Zhang Hong-Wei (张洪伟),Support,China
Memory,Yang Ju-Bao (杨聚宝),Top,China
World6,Chen Yu-Tian (陈裕添),Jungle,China
Juejue,Yan Hong (颜宏),Jungle,China
Smlz,Han Jin (韩金),AD,China
Captain (Sun Yu-Ze),Sun Yu-Ze (孙羽泽),Jungle,China
Snoopy (Yang Yo-myong),Yang Yo-myong (양요명),Mid,South Korea
Otto,Hou Guo-Yu (侯国玉),Mid,China
Styz,Qu Zi-Liang (屈梓良),AD,China
Maidong,Tang Huang-Chao (唐黄超),Support,China
SofM,Lê Quang Duy,Jungle,Vietnam
Jiezou,Xia Heng (夏衡),Support,China
Dandy,Choi In-kyu (최인규),Jungle,South Korea
XuanXuanPi,Pi Xiao-Xuan (皮孝轩,AD,China
Ikssu,Jeon Ik-soo (전익수),Top,South Korea
LirA,Nam Tae-yoo (남태유),Jungle,South Korea
Mickey,Son Young-min (손영민),Mid,South Korea
Sangyoon,Gwon Sang-yun (권상윤),AD,South Korea
SnowFlower,No Hoi-jong (노회종),Support,South Korea
Untara,Park Ui-jin (박의진),Top,South Korea
Bubbling,Park Jun-hyeong (박준형),Jungle,South Korea
Sky (Kim Ha-neul),Kim Ha-neul (김하늘),Mid,South Korea
Bdd,Gwak Bo-seong (곽보성),Mid,South Korea
Kramer,Ha Jong-hun (하종훈),AD,South Korea
MadLife,Hong Min-gi (홍민기),Support,South Korea
TrAce,Yeo Chang-dong (여창동),Top,South Korea
SoHwan,Kim Jun-yeong (김준영),Top,South Korea
Winged,Park Tae-jin (박태진),Jungle,South Korea
Kuzan,Lee Seong-hyeok (이성혁),Mid,South Korea
Pilot,Na Woo-hyung (나우형),AD,South Korea
Chei,Choi Sun-ho (최선호),Support,South Korea
Hipo,Suk Hyun-jun (석현준),Top,South Korea
Roach,Kim Kang-hui (김강희),Top,South Korea
Crush,Kim Jun-seo (김준서),Jungle,South Korea
Edge,Lee Ho-seong (이호성),Mid,South Korea
SSol,Seo Jin-sol (서진솔),AD,South Korea
GuGer,Kim Do-yeop (김도엽),Support,South Korea
Ssumday,Kim Chan-ho (김찬호),Top,South Korea
Score,Go Dong-bin (고동빈),Jungle,South Korea
Fly (Song Yong-jun),Song Yong-jun (송용준),Mid,South Korea
Arrow,Noh Dong-hyeon (노동현),AD,South Korea
Hachani,Ha Seung-chan (하승찬),Support,South Korea
IgNar,Lee Dong-geun (이동근),Support,South Korea
Expession,Koo Bon-taek (구본택),Top,South Korea
Flame,Lee Ho-jong (이호종),Top,South Korea
Chaser,Lee Sang-hyun (이상현),Jungle,South Korea
Crash,Lee Dong-woo (이동우),Jungle,South Korea
Coco,Shin Jin-yeong (신진영),Mid,South Korea
Frozen,Kim Tae-il (김태일),Mid,South Korea
Cpt Jack,Kang Hyung-woo (강형우),AD,South Korea
Fury (Lee Jin-yong),Lee Jin-yong (이진용),AD,South Korea
Pure,Kim Jin-sun (김진선),Support,South Korea
Zzus,Jang Joon-soo (장준수),Support,South Korea
Smeb,Song Kyung-ho (송경호),Top,South Korea
Peanut,Yoon Wang-ho (윤왕호),Jungle,South Korea
Kuro,Lee Seo-haeng (이서행),Mid,South Korea
PraY,Kim Jong-in (김종인),AD,South Korea
GorillA,Kang Beom-hyeon (강범현),Support,South Korea
CuVee,Lee Seong-jin (이성진),Top,South Korea
Ambition,Kang Chan-yong (강찬용),Jungle,South Korea
Crown,Lee Min-ho (이민호),Mid,South Korea
CoreJJ,Jo Yong-in (조용인),AD,South Korea
Stitch,Lee Seung-ju (이승주),AD,South Korea
Wraith,Kwon Ji-min (권지민),Support,South Korea
SoaR,Lee Gang-pyo (이강표),Top,South Korea
Soul (Seo Hyeon-seok),Seo Hyeon-seok (서현석),Top,South Korea
Flawless,Sung Yeon-jun (성연준),Jungle,South Korea
SaSin,Oh Seung-ju (오y주),Mid,South Korea
Nuclear,Sin Jeong-hyeon (신정현),AD,South Korea
Secret,Park Ki-sun (박기선),Support,South Korea
Duke,Lee Ho-seong (이호성),Top,South Korea
Bengi,Bae Seong-woong (배성웅),Jungle,South Korea
Blank,Kang Sun-gu (강선구),Jungle,South Korea
Faker,Lee Sang-hyeok (이상혁),Mid,South Korea
Bang,Bae Jun-sik (배준식),AD,South Korea
Wolf (Lee Jae-wan),Lee Jae-wan (이재완),Support,South Korea
Lindarang,Heo Man-heung (허만흥),Top,South Korea
SeongHwan,Yoon Seong-hwan (윤성환),Jungle,South Korea
Shy,Park Sang-myeon (박상면),Top,South Korea
Haru,Kang Min-seung (강민승),Jungle,South Korea
Ghost (Jang Yong-jun),Jang Yong-jun (장용준),AD,South Korea
Crazy,Kim Jae-hee (김재희),Top,South Korea
Firetrap,Jin Jae-seung (진재승),Top,South Korea
Bless,Choi Hyeon-woong (최현웅),Jungle,South Korea
Tempt,Kang Myung-gu (강명구),Mid,South Korea
LokeN,Lee Dong-wook (이동욱),AD,South Korea
Key,Kim Han-gi (김한기),Support,South Korea
Totoro,Eun Jong-seop (은종섭),Support,South Korea
Blanc,Jin Seong-min (진성민),Mid,South Korea
Sweet (Lee Eun-teak),Lee Eun-teak (이은택),Support,South Korea
ADD,Kang Geon-mo (강건모),Top,South Korea
Beyond (Kim Kyu-seok),Kim Kyu-seok (김규석),Jungle,South Korea
Ian,An Jun-hyeong (안준형),Mid,South Korea
MaHa,Oh Hyun-sik (오현식),AD,South Korea
Max (Jeong Jong-bin),Jeong Jong-bin (정종빈),Support,South Korea
Cry,Hae Sung-min (해성민),Mid,South Korea
Helper,Kwon Yeong-jae (권영재),Top,South Korea
Ruler,Park Jae-hyuk (박재혁),AD,South Korea
Ziv (Chen Yi),Chen Yi (陳奕),Top,Taiwan
Mountain,Xue Zhao-Hong (薛兆鴻),Jungle,Taiwan
Chawy,Wong Xing-Lei (黃心磊),Mid,Singapore
Westdoor,Liu Shu-Wei (劉書瑋),Mid,Taiwan
AN,Chou Chun-An (周俊諳),AD,Taiwan
RD,Liang Teng-Li (梁騰勵),AD,Taiwan
Albis,Kang Chia-Wei (康家維),Support,Taiwan
AJ,Chen Yen-Chun (陳諺均),Top,Taiwan
XUE,Xue Bo-Yun (薛博允),Top,Taiwan
Syuan,Chang Jen-Pu (張仁菩),Top,Taiwan
SpeaR,Chen Yi-Chung (陳奕中),Jungle,Taiwan
KuKu,Lam Ka Fu (林家富),Mid,Macao
Rabi2,Su Chien-Wen (蘇建文),AD,Taiwan
Never,Shih Hung-Yu (施竤宇),Support,Taiwan
CandyBB,Liu Shih-Chieh (劉世喆),Support,Taiwan
Melon (Tsai Tsung-Yu),Tsai Tsung-Yu (蔡宗祐),Support,Taiwan
Exciting,Chang Po-Hao (張博皓),Top,Taiwan
Nexus (Tung Tung),Dong Tong (董童),Top,Hong Kong
Yo,Fan Chih-Wei (范植威),Jungle,Taiwan
SuwaKo,Tsou Wei-Yang (鄒惟洋),Mid,Taiwan
LBB,Liu Ping-Hsin (劉秉鑫),AD,Taiwan
Suki,Hsieh Ming-Hsuan (謝名軒),Support,Taiwan
MMD,Yau Li-Hung (游立宏),Top,Taiwan
Rins,Shen Po-Ju (沈伯儒),Top,Taiwan
Karsa,Hung Hau-Hsuan (洪浩軒),Jungle,Taiwan
Maple (Huang Yi-Tang),Huang Yi-Tang (黃熠棠),Mid,Taiwan
Breeze,Huang Chien-Yuan (黃建源),AD,Taiwan
NL,Hsiung Wen-An (熊汶銨),AD,Taiwan
SwordArt,Hu Shuo-Chieh (胡碩傑),Support,Taiwan
MapleSnow,Yang Yu-Wei (楊育瑋),Top,Taiwan
DinTer,Shiue Hong-Wei (薛弘偉),Jungle,Taiwan
Chillyz,Gong Nok Hin (江諾軒),Mid,Hong Kong
Rokenia,Jun Young-dae (전영대),Mid,South Korea
MarS,Hsu Chia-Chun (許家峻),Mid,Taiwan
GodKwai,Cheung Ho Wan (張皓雲),AD,Hong Kong
Olleh,Kim Joo-sung (김주성),Support,South Korea
BoBo (Wang You-Lin),Wang You-Lin (王佑霖),Top,Taiwan
Taizan,Lin Jing-Jia (鄭偉祥),Jungle,Taiwan
Apex (Hsieh Chia-Wei),Hsieh Chia-Wei (謝家維),Mid,Taiwan
Dee,Chen Jun-Dee (陳駿迪),AD,Taiwan
Dreamer,Ceng Jian-Hong (曾建泓),Support,Taiwan
Julian,Fei Chuan-Yuan (費雋元),Top,Taiwan
Ninuo,Huang Jin-Long (黃金隆),Top,Taiwan
Wulala,Liu Sheng-Wei (柳勝瑋),Jungle,Taiwan
M1ssion,Chen Hsiao-Hsien (陳孝銜),Mid,Taiwan
Payne,Tai Hao-Chuan (戴浩全),AD,Taiwan
CorGi,Cheng Pin-Lun (程品倫),AD,Taiwan
SkuLL,Gary Ng (吳國玟),Support,Hong Kong
Kaiwing,Ling Kai Wing (凌啟榮),Support,Hong Kong
Morning,Chen Kuan-Ting (陳冠廷),Top,Taiwan
Yue,Lu Tzu-Hsien (盧子賢),Top,Taiwan
REFRA1N,Chen Kuan-Ting (陳冠廷),Jungle,Taiwan
Achie,Chen Chen-Chi (陳振齊),Jungle,Taiwan
FoFo,Chu Chun-Lan (朱駿嵐),Mid,Taiwan
Bebe (Chang Bo-Wei),Chang Bo-Wei (張博為),AD,Taiwan
Lilv,Chen Chin-Han (陳縉翰),AD,Taiwan
Jay,Li Chieh (李杰),Support,Taiwan
BayBay,Wang You-Chun (王佑軍),Jungle,Taiwan
Mist,Hsu Kai-Yueh (許凱悅),Top,Taiwan
Pony,Mo Ka Wah (巫家華),Jungle,Hong Kong
SwordArT,Hu Shuo-Chieh (胡碩傑),Support,Taiwan
XiaoLiang,Wu Liang-Te (吳亮德),Top,Taiwan
Wind (Lai Chap Yin),Lai Chap Yin (賴集賢),Jungle,Hong Kong
Gear,Lam Kwok Wa (林國華),Mid,Hong Kong
Raison,Jeong Soo-bin (정수빈),AD,South Korea
BeBe (Chang Bo-Wei),Chang Bo-Wei (張博為),AD,Taiwan
Vayn3z,Chen Han (陳翰),Top,Taiwan
PaSa,Lo Hung Sing (羅鴻盛),Mid,Hong Kong
Breaker,Shih Yueh-Ting (施岳廷),AD,Taiwan
K,Ko Kai-Sheng (柯凱盛),Top/Jungle/Mid,Taiwan
Benny (Lien Hsiu-Chi),Lien Hsiu-Chi (連修琪),Jungle,Taiwan
Zor,Wu Chu-Yung (吳居勇),Mid,Taiwan
Rain (Liu Min-Hung),Liu Min-Hung (劉玟宏),Support,Taiwan
InTreso,Sanpett Marat,Top,Thailand
Sek,Jakkid Kinbai,Top,Thailand
007x,Chayut Suebka,Jungle,Thailand
G4,Nuttapong Menkasikan,Mid,Thailand
Lloyd,Juckkirsts Kongubon,AD,Thailand
Moss,Sorawat Boonphrom,Support,Thailand
JLC,Jaiby Paglingayen,Top,Philippines
SuEz,Zeus Lee,Jungle,Philippines
Light,Roybie Segovia,Mid,Philippines
H4T3,Josef Adrian Cabero,AD,Philippines
Poysanity,Jesse Florence Hieras,Support,Philippines
Oceans11,Tobias Randy Varianto,Top,Indonesia
RubeN,Ruben Sutanto,Top,Indonesia
Phoenix (Yehezkiel Patric),Yehezkiel Patric,Jungle,Indonesia
Banana (Brian Hammock),Brian Hammock,Mid,Indonesia
TheChupper,Kenny Marcelino,AD,Indonesia
Andree,Andre Culham,Support,Indonesia
13Ghost,Jasper Tan Kah Guan,Top,Malaysia
Qaspiel,Eric Sia Sze Pin,Jungle,Malaysia
OzoraVeki,Poon Kok Sing (潘国昇),Mid,Malaysia
CoolKitty,Joseph Lim Ken Zhen,AD,Malaysia
SOUPerior,Calvin Yang Quok Vern,Support,Malaysia
Row,Hoàng Duy Phương,Top,Vietnam
Jinkey,Trần Công Cam,Jungle,Vietnam
Lovida,Mai Việt Long,Mid,Vietnam
Warzone,Đoàn Văn Ngọc Sơn,Mid,Vietnam
Celebrity,Nguyễn Phước Long Hiệp,AD,Vietnam
Tsu,Lê Anh Duy,Support,Vietnam
Revive (Daniel Tan),Daniel Tan,Top,Singapore
Zancazor,Luqman Hakim,Jungle,Singapore
Arykelic,Dominic Loh,Mid,Singapore
PandaPaws,David Chua,Mid,Singapore
Mexilew,Martin Lew,AD,Singapore
Arkane,Poongundran Ranganathan,Support,Singapore
Kanon,Khenn Pragale,Top,Philippines
Tamsu,John Somollo,Jungle,Philippines
KarlCulated,Karl Duazo,Mid,Philippines
Jenvi,Jenel Hapitana,AD,Philippines
EndlessACE,Anjo Alzate,Support,Philippines
Whatthejes,Soragit Buranathanasin,Support,Thailand
Pokka,Hartanto Pokka,Mid,Indonesia
CO4,Adrian Leng Seet Hing,AD,Malaysia
HanYiAn,Trần Quang Hiệp,Jungle,Vietnam
Ly4ly4ly4,Lim Yang,Top,Singapore
BBTY,Wayne Chua Kim Han,Jungle,Singapore
Kra,Charles Teo Yao Wei,Support,Singapore
Ranger,Filipe Brombilla,Top,Brazil
Tierwulf,Sebastián Mateluna,Jungle,Chile
Rakin,Rafael Knittel,Mid,Brazil
Luskka,Lucas Rentechen,AD,Brazil
RedBert,Ygor Freitas,Support,Brazil
Dionrray,João Pedro Barbosa,Coach,Switzerland
LEP,Pedro Marcari,Top,Brazil
Minerva,Gustavo Alves,Jungle,Brazil
TinOwns,Thiago Sartori,Mid,Brazil
Pbo,Pablo Yuri,AD,Brazil
Wos,Willyan Bonpam,Support,Brazil
Djokovic,Thiago Maia,Coach,Brazil
Yang,Felipe Zhao,Top,Brazil
Revolta,Gabriel Henud,Jungle,Brazil
Tockers,Gabriel Claumann,Mid,Brazil
MicaO,Micael Rodrigues,AD,Brazil
Jockster,Luan Cardoso,Support,Brazil
Abaxial,Alexander Haibel,Coach,USA
Zantins,Luccas Zanqueta,Top,Brazil
Verto,Álvaro Martins,Top,Brazil
Danagorn,Daniel Drummond,Jungle,Brazil
Zuao,João Vitor Morais,Jungle,Brazil
Vash,Guilherme Del Buono,Mid,Brazil
Matsukaze,Pedro Gama,AD,Brazil
Verfix,Jorge Silveira,Support,Brazil
Galfi,Hugo Augusto,Coach,Brazil
Robo,Leonardo Souza,Top,Brazil
Nappon,Carlos Rücker,Jungle,Brazil
Takeshi,Murilo Alves,Mid,Brazil
EsA,Eidi Yanagimachi,AD,Japan
Baiano,Gustavo Gomes,Support,Brazil
Alocs,Leonardo Belo,Coach,Brazil
SkyBart,Mateus Neves,Top,Brazil
Turtle,Gabriel Peixoto,Jungle,Brazil
Goku,Bruno Miyaguchi,Mid,Brazil
Skyer,Felipe Gimenes,AD,Brazil
Professor,Matheus Leirião,Support,Brazil
Von,Gabriel Barbosa,Coach,Brazil
Mylon,Matheus Borges,Top,Brazil
SirT,Thúlio Carlos,Jungle,Brazil
Kami,Gabriel Santos,Mid,Brazil
TaeYeon,Rodrigo Panisa,AD,Brazil
Ziriguidun,Pedro Vilarinho,Support,Brazil
MiT,Gabriel Souza,Coach,Brazil
Eryon,Márcio Reis,Top,Brazil
Ayel,Marcelo Mello,Top,Brazil
YoDa (Felipe Noronha),Felipe Noronha,Jungle,Brazil
Brucer,Bruno Pereira,Mid,Brazil
SacyR,Gustavo Rossi,AD,Brazil
Dioud,Hugo Padioleau,Support,France
Neki,Vinícius Ghilardi,Coach,Brazil
Aoshi,Franklin Coutinho,Top,Brazil
Snowlz,Guilherme Neves,Jungle,Brazil
Transao,Rafael Mucidas,Coach,Brazil
Jukaah,Ednilson Vargas,Coach,Brazil
Theusma,Matheus Lima,AD,Brazil
EzPrince,Victor Sun,AD,Brazil
Leko,Whesley Holler,Top,Brazil
BrTT,Felipe Gonçalves,AD,Brazil
TheFoxz,Renato de Souza,AD,Brazil
Picoca,Matheus Tavares,Support,Brazil
Caos (Jonas Vriesman),Jonas Vriesman,Jungle,Brazil
Dye,Gerson Castaño,Top,Colombia
Wikko,Andrés Legarda,Jungle,Colombia
Lulos,Jack Yang Huang (黃楊噳),Mid,Taiwan
Nicomando,Nicolás Beares,AD,Uruguay
Ghinis,Fernando López,Support,Mexico
ChumpJohn,Johnson Ranta,Top,Canada
Oddie,Sebastián Niño,Jungle,Peru
Easy (Brandon Doyle),Brandon Doyle,Mid,USA
Hydra,Luca Grieco,Mid,Argentina
1an,Ian Espinosa,AD,Mexico
NerzhuL,Jorge Iván Meza,Support,Mexico
Dickma,,Support,
Porky (Gerardo Cuamea),Gerardo Cuamea,Top,Mexico
LiquidDiego,Diego Padilla,Jungle,Mexico
DCStar,Carlos Méndez,Mid,Mexico
Xpng,Iván Ortíz,AD,Mexico
Soren (Carlos Ibarra),Carlos Ibarra,Support,Mexico
Jirall,Daniel del Castillo,Top,Mexico
Thyak,Marcelo Ramones,Jungle,Mexico
Uri,Uri Schölderle,Mid,Uruguay
Seiya,Édgar Bracamontes,AD,Mexico
Arce,Diego Arce Chang,Support,Peru
Guishe,Guillermo Cárdenas,Top,Peru
Kenny (Bruno Córdova),Bruno Córdova,Jungle,Peru
FraGio,Alex Giovanne Huamán,Jungle,Peru
RhOm,Alex Chipana,Mid,Peru
Iruga,Mauricio Chambi,AD,Peru
Cygnüs,Juan Castillo,Support,Peru
XSWRD,Rubén Smith,Top,Panama
Tarzán,Fernando Mora,Jungle,Mexico
ILove,Jesús Calderón,Mid,Peru
Zeypher,Esteban Guzmán,AD,Colombia
Bismal,Michael Engelberg,Support,USA
Seboo,Sebastián Reyna,Top,Mexico
Prashant,Tomás Sosa,Top,Venezuela
Acerola,Daniel Villalobos,Jungle,Costa Rica
Rapid,Jeff McColony,Mid,Curaçao
Manu,Manuel Villa,AD,Puerto Rico
Keoo,Yair Campos,Support,Mexico
Jin (Adrià Salabert),Adrià Salabert,Top,Spain
Fr3deric,Federico Lizondo,Jungle,Spain
Leza,Francisco Jara,Mid,Mexico
EvanRL,Evan Lawson,AD,USA
Minibestia,Jesús Coll,Support,Argentina
WhiteLotus,Matías Musso,AD,Argentina
Quaker,Nicolás Lagos,Jungle,Chile
NeeDlesS,Fernando López,Support,Mexico
Voltigore,Mauricio Gutiérrez,Top,Peru
SolidSnake,Diego Vallejo,Jungle,Peru
Master Jos,José Beltrán,Mid,Bolivia
VirusFx,Guillermo Navarrete,AD,Mexico
GodDragon,Alejandro Pérez,Support,Spain
Acce,Emmanuel Juárez,Top,Argentina
Gonto,Alan Gontovnikas,Jungle,Argentina
Dinamox,Javier Korhasanoglu,Mid,Argentina
Prodigy,Agustín Juárez,AD,Argentina
Genthix,Mariano Polonsky,Support,Argentina
Buggax,Mateo Aroztegui,Top,Uruguay
Khynm,Cristian Gabriel Alonso,Jungle,Argentina
Wara,Fabián Llanos,Mid,Chile
1984,Ezequiel Ramírez,AD,Argentina
Tomex,Tomás Alloatti,Support,Argentina
Pride (Franco Sanzana),Franco Sanzana,Top,Chile
Clatos,Claudio Navarrete,Jungle,Chile
Emp,Benjamín Ramírez,Mid,Chile
Zeicro,Juan Fierro,AD,Chile
Newbie,Leandro Marcos,Support,Argentina
Helior,Felipe Pastenes,Top,Chile
Juliostito,Julio Berríos,Jungle,Chile
Primoo,Nicolás González,Mid,Chile
Regi,Juan Cruz Curto,Mid,Argentina
SZ,Daniel Gomes,AD,Brazil
Misfits (Jonathan Muñoz),Jonathan Muñoz,AD,Chile
Bear,Manuel Parrochia,Support,Chile
Nipphu,Franco Funes,Top,Argentina
Focho,Matías Porto,Jungle,Chile
Rakyz,Vicente Trautmann,Mid,Chile
Badmilk,Enrique Arbizu,Support,Argentina
MANTARRAYA,Juan Abdón,Top,Uruguay
Quakerr,Nicolás Lagos,Jungle,Chile
Megajp,Jorge Pera,Mid,Uruguay
Zealot,Rodrigo Guerrero,AD,Chile
Slow,Eduardo Garcés,Support,Chile
Le Smart,Facundo Canteros,Mid,Argentina
Otto (Otávio Rodrigues),Otávio Rodrigues,Coach,Brazil
QQMore,Diego Apablaza,Jungle,Chile
Ukkyr,Markus Leuemberger,Coach,Argentina
Element,Arlindo Leal Neto,Top,Brazil
Plugo,Joaquín Pérez,Mid,Chile
Spotted,Carlos Ibáñez,AD,Chile
BearJew,Manuel Parrochia,Support,Chile
Piroxz,Luis Chavez,Coach,Brazil
Wardz,Jonathan Grispo,Jungle,Argentina
LilSainity,Daniel Fernández,Coach,Cuba
Yaltz,Evandro de Cerqueira,Coach,Brazil
Xyraz,Gustav Blomkvist,Top,Sweden
Rawbin IV,Robin Eggenberger,Jungle,Sweden
Immortoru,Furkan Tekeş,Mid,Turkey
Ruvelius,Mustafa Berk Baraklı,AD,Turkey
Hibiki,Burak Eryol,Support,Turkey
Panky (Uğur Taş),Uğur Taş,Top,Turkey
Astarte (Görkem Öztürk),Görkem Öztürk,Jungle,Turkey
LEYL Ü NEHAR,Cüneyt Kocaayan,Mid,Turkey
Madness,Gökhan Uçar,AD,Turkey
Cognac,Ömer Faruk Ünsal,Support,Turkey
Elwind,Kaan Atıcı,Top,Turkey
Crystal,Atakan Aydın,Jungle,Turkey
Lukezy,Luka Trumbić,Mid,Croatia
Zeitnot,Berkay Aşıkuzun,AD,Turkey
Denden,Dennis Bui,Support,Norway
Abaria,Bogusław Dobryniewski,Mid,Poland
Arphan,Arphan Omar,Support,Germany
Marshall,Yiğit Kırdök,Top,Turkey
Trixucator,Mehmet Furkan Çoruk,Jungle,Turkey
Hatrixx,Jørgen Elgåen,Mid,Norway
Revanche,Hakan İşlek,AD,Turkey
Visdom,Benjamin Larsen,Support,Denmark
Âprox,Sezer Musluoğlu,Top,Turkey
Muscle,Deniz Ünal,Jungle,Turkey
KonDziSan,Konrad Sopata,Jungle,Poland
Elysion,Sergen Dikel,Mid,Turkey
KillerEs,Arda Subaşı,AD,Turkey
Swanepoel,Doğu Yavuz,Support,Turkey
Rydle,Fernando Soria,Support,Spain
Thaldrin,Berke Demir,Top,Turkey
FabFabulous,Asım Cihat Karakaya,Top,Turkey
Stomaged,Furkan Güngör,Jungle,Turkey
Naru,Koray Bıçak,Mid,Turkey
Achuu,Nicolaj Ellesgaard,AD,Denmark
Dumbledoge,Mustafa Kemal Gökseloğlu,Support,Turkey
Hioss,Emircan Hazar,Top,Turkey
Kanani,Lamine-Lounis Khouani,Jungle,Algeria
Avenuee,Mustafa Atalay,Mid,Germany
DarkSide,Alejandro Oyonate,AD,Spain
Zergsting,Onur Ünalan,Support,Turkey
Fencer,Choi Sung-won (최성원),Top,South Korea
Reach (Lee Joo-won),Lee Joo-won (이주원),Jungle,South Korea
LongB,Serkan Ülkücü,Mid,Turkey
Kazze,Ekin Tire,AD,Turkey
Un1tback,İshak Yılmaz,Support,Turkey
Scarface,Daniel Aitbelkacem,Top,Germany
Rawbin,Robin Eggenberger,Jungle,Sweden
Tracer,Joakim Torstensson,Jungle,Sweden
Kadir,Kadircan Mumcuoğlu,Jungle,Netherlands
Sedrion,Tarik Holz,AD,Germany
Rogu,Burak Eryol,Support,Turkey
Sigma,Brent de Laet,Jungle,Belgium
Darlik,Aymeric Garçon,Top,France
Rare,Taner Levendoğlu,Top,Turkey
Wickd,Mike Petersen,Top,Denmark
Clongwen,Melih Bozkurt,Jungle,Turkey
Föur,Stanimir Penchev,Jungle,Bulgaria
React,Mert Gül,Mid,Turkey
Padden,Ege Acar,AD,Turkey
Corpse,Mehmet Turgut Aksel,Support,Turkey
Xerxe,Andrei Dragomir,Jungle,Romania
Caps,Rasmus Winther,Mid,Denmark
Trix,Mehmet Furkan Çoruk,Jungle,Turkey
Godbro,Dan Van Vo,Mid,Denmark
HolyPhoenix,Anıl Işık,AD,Turkey
Achuu Çöp,Nicolaj Ellesgaard,AD,Denmark
Nardeus,Tomáš Maršálek,AD,Czech Republic
Unknown,Marcin Kubicki,Top,Poland
Malaz,Malaz Khodier,Top,United Arab Emirates
Raintear,Rain Shang,Top,
Chelby,Bradley Williams,Jungle,New Zealand
Wrekt,Jesse Mikić,Mid,Australia
Triple,Stephen Li,Mid,Australia
Destiny (Mitchell Shaw),Mitchell Shaw,AD,Australia
Stark (Jason Au),Jason Au,AD,Australia
Blindturkey,Joshua Patrizi,Support,Australia
Sharp,Curtis Morgan,Top,Australia
Rippii,Nathan Mott,Jungle,Australia
Sybol (Lachlan Civil),Lachlan Civil,Jungle,Australia
Phantiks,Richard Su,Mid,Australia
Raes,Quin Korebrits,AD,New Zealand
Cuden,Mike Le,Support,Australia
Ryoo,Ryoo Tae-hyung (류태형),Top,South Korea
Cookie,Choi Byeong-kook (최병국),Jungle,South Korea
SoulStrikes,Luchio Park,Jungle,South Korea
Bomb,Park Beom (박범),Mid,South Korea
Frae,Leon Lee,AD,Australia
Denian,James Goddard,Support,Australia
Jakattack,Jack Gifford,Top,New Zealand
Seb,Sebastian de Ceglie,Jungle,Italy
Midbeast,Drew Timbs,Mid,Australia
Stealthix,Nicholas Tian,AD,Australia
Wiffle,Steven Knights,Support,Australia
Yuzuki,Damian Tu,Support,Australia
Mallek,Lawrence David,Support,Australia
Tallywhacka,James Shute,Top,Australia
Carbon,Tim Wendel,Jungle,Australia
ChuChuZ,Aaron Bland,Mid,Australia
K1ng,Calvin Truong,AD,Australia
Straawbella,Isabella Chan,Support,Australia
Regret9,Curtis Schembri,Support,Australia
Chippys,Ryan Short,Top,New Zealand
Juves,Brandon Defina,Jungle,Australia
RYmeister,Jason Ryan,Mid,Australia
Cardrid,Harry Archer,AD,Australia
Rogue (Jake Sharwood),Jake Sharwood,Support,Australia
Swip3rR,Brandon Holland,Top,Australia
Spookz,Samuel Broadley,Jungle,Australia
Cheese,Daniel Brown,Mid,Australia
Swiffer,Simon Papamarkos,Mid,Australia
Raydere,Derek Trang,AD,Australia
EGym,Bryce Paule,Support,Australia
Pacman,Zach Bayne,Top,New Zealand
Impaired,Elliot Capell,Jungle,Australia
Bma,Brendan Ma,Mid,Australia
Wzrd,Joshua Russell,Mid,Australia
Edition,Patrick Nguyen,AD,Australia
Jayke,Jayke Paulsen,Support,Australia
Looch,Carlo La Civita,Mid,Australia
Squidgy,Alex Trott,AD,Australia
Raid,Julian Skordos,AD,Australia
Tgun,Bradley Seymour,Support,Australia
Paradise,Zhi Xiao (植晓),Top,China
Survivalone,Christopher Yin,Top,Guadeloupe
DDD,Zhenhon Luo,Top,China
Chenyboy,James Chen,AD,Australia
Sybol,Lachlan Civil,Jungle,Australia
Luna (Josh Allen),Josh Allen,Support,United Kingdom
Tally,James Shute,Top,Australia
Kulo,Kurwa Khamis,Top,Australia
Minkywhale,An Viet Trinh,Top,Australia
Skwiggle,Elliot Charters,Top,Australia
DanDayn,Daniel Yow,Jungle,New Zealand
Raps,Aaron Tran,AD,Australia
SazaHu,Lee Dong-hyun (이동현),Top,South Korea
Praedyth,Mark Lewis,Top,Australia
Zahe,Michael Dunn,Jungle,Australia
Omni,Thomas Trinh Dung,Mid,New Caledonia
Lost,Lawrence Hui,AD,New Zealand
Rosey,Andrew Rose,Support,Australia
Smurf (Dmitri Ivanov),Dmitri Ivanov,Top,Russia
PvPStejos,Alexander Glazkov,Jungle,Ukraine
Kira,Mykhailo Harmash,Mid,Ukraine
AMiracle,Vladislav Scherbyna,AD,Ukraine
Likkrit,Kirill Malofeyev,Support,Russia
Zvene,Simon Svensson,Top,Sweden
Lasagna,Ilya Melkumov,Jungle,Russia
Saulius,Saulius Lukošius,Mid,Lithuania
VincentVega,Egor Medvedev,AD,Russia
Skash,Arthur Ermolaev,Support,Russia
FIRees,Ivan Silantiev,Top,Russia
DimaJke,Dmitrii Gushcha,Jungle,Russia
Bebe (Friedrich Knaub),Friedrich Knaub,Mid,Kazakhstan
Starscream,Valentin Zimakov,AD,Russia
SaZeD,Fabian Kehr,Support,Germany
Ekka,Anton Shestakov,Mid,Russia
H4rdeath,Nikita Bely,Top,Russia
Resu,Sergei Ursulov,Top,Russia
Punisher,Nikita Lavrinov,Jungle,Russia
Flashy,Yury Shilenkov,Mid,Russia
Dayruin,Boris Sherbakov,AD,Russia
Gemp,Igor Aksenov,Support,Russia
JustNo0b,Yegor Erokhin,Top,Russia
Mumus100,Szépvölgyi Márió,Top,Hungary
Paranoia,Ivan Tipuhov,Mid,Ukraine
BULBAZABP,Andrey Solokhov,AD,Ukraine
SaNTaS,Aleksandr Lifashin,Support,Russia
Ques,Roman Generalov,Top,Russia
Neiman,Sergey Lashevskiy,Jungle,Russia
Kimi,Ilja Kolosov,Jungle,Latvia
Marker,Mark Djyakov,Mid,Russia
Blasting,Daniel Kudrin,AD,Latvia
Antariys,Vladislav Smorodin,Support,Russia
Lord ZaK,Dmitrii Kulkin,Top,Russia
Symphony,Aleksey Tyunin,Jungle,Russia
Piter Pokir,Victor Pachkunov,Mid,Russia
Ekd,Sebastian Wikström,AD,Sweden
Raxxo,Oskar Bazydło,Support,Poland
NoNholy,Alexandr Ovchinnikov,Top,Russia
Doxy,Rafael Adl Zarabi,Top,Denmark
Zanzarah,Nikolay Akatov,Jungle,Russia
Drobovik123,Evgeniy Belousov,Mid,Russia
Tauren,Igor Titov,AD,Russia
WildHeart,Roman Maximchyuk,Support,Ukraine
BloodFenix,Alexander Hallberg,Top,Sweden
Babunia,Bartosz Dzikowski,Jungle,Poland
Fomko,Anton Fomkin,Mid,Russia
LeX,Alexei Kitsak,AD,"Moldova, Republic of"
Archie (Vyacheslav Egorov),Vyacheslav Egorov,Support,Russia
Aoi Haru,Kirill Kolupaev,Top,Russia
NikSar,Valentin Zimakov,AD,Russia
Tornell,Christoffer Tornell,Top,Sweden
Ferit,Ferit Keçelioğlu,Jungle,France
Svikter,Viktor Lindén,Jungle,Sweden
Unstop,Vitaly Pantak,AD,Russia
GetCrazy,Oleg Kohanyuk,Support,Russia
Voyna,Alex Halenko,AD,Ukraine
Stierlitz,Maxim Isaev,AD,Russia
StarForgerZak,Dmitrii Kulkin,Top,Russia
DoubleAiM,Aleksa Stanković,Jungle,Serbia
Bonjour,Kirill Nazarov,Support,Russia
Ritix,Rytis Lekstutis,AD,Lithuania
XDSMILEY,Ludvig Granquist,AD,Sweden
GreenTea,Tsai Shang-Ching (蔡尚精),Coach,Taiwan
Ansva,Konstantin Chanchikov,Coach,Russia
RapidStar,Jung Min-sung (정민성),Coach,South Korea
Fluidwind,Shih Yi-Hao (史益豪),Coach,Taiwan
BaeMe,Kang Yang-hyun (강양현),Mid,South Korea
Kezman,Son Dae-young (손대영),Coach,South Korea
NoFe,Jeong No-chul (정노철),Coach,South Korea
Fly (Kim Sang-chul),Kim Sang-chul (김상철),Coach,South Korea
Edgar,Choi Woo-beom (최우범),Coach,South Korea
KkOma,Kim Jeong-gyun (김정균),Coach,South Korea
